Title,Rating,Location,Salary,Contract Type,Benefits,Link
Data Engineer,4.0,N/A,Full-time,N/A,N/A,https://uk.indeed.com/rc/clk?jk=6c2f224983610ffc&bb=lvK1JsXCNS65GNsrrouG8TXwC9MfEqrzwLUaFTuWI0s7eLB8fPz7_EU6GkPSDvMlYszQAatq0xl1vg34lTBHsuNBZnjUQECBMIoXVh-TcSXbiqIzqeSviBxw1q_w19GIe5himEXFEcvRZJW-h2OQmQ%3D%3D&xkcb=SoCH67M3v1mc0zWtKx0CbzkdCdPP&fccid=6901e0b310c614ec&vjs=3
Senior Cloud Data Platform Engineer,3.6,N/A,"£56,000 - £70,000 a year",N/A,N/A,https://uk.indeed.com/rc/clk?jk=31ccb6bb7a624b3f&bb=Z0X5Kzi6-zZGFf6eDzcLt94c0eF8jWX9zeYbs8Jwrs0Vrkoe2HTD7fb6hSfP3iRMSrgPFhqBS2Y7GEi27wNfrE83476DZ4itpEVpx3PqfLEVIHdmd4K8v80VTAIe35Yx4tssr5HSkLPsooMBumrSzw%3D%3D&xkcb=SoBp67M3v1mi9JWtKx0IbzkdCdPP&fccid=d30ee739e880bd5d&vjs=3
Lead Data Engineer,4.1,"17 Hartfield Road, London","Permanent, Full-time",N/A,"Benefits
Pulled from the full job description
Company pension
Private medical insurance
&nbsp;",https://uk.indeed.com/rc/clk?jk=c0dc1a908858ff0c&bb=Z0X5Kzi6-zZGFf6eDzcLt15swEnids78QmBOPlTgi5aY0qEWCOwDyF6Lg8GdjHGGKDhr78uqD0eHnRBke_Ijqq_lrxk6h4Vu8oJBCd8xhzuD3CMwhBxtErfj_IpDEBVTVdQyqTChcyEpxR-H5BbhXQ%3D%3D&xkcb=SoCp67M3v1mi9JWtKx0FbzkdCdPP&fccid=1a9c24f57953e3bd&vjs=3
Data Cabling Engineer,4.1,N/A,"£30,000 - £38,000 a year","- Permanent, Full-time",N/A,https://uk.indeed.com/pagead/clk?mo=r&ad=-6NYlbfkN0D6AT5fTBDFrf8_jlafW5-TcDEy5j_g_VmcRNvhiK8Q0yIeXZzubAlhXVwluoyiHMvM9OYeKXwV-jn1nJf4R9xYgka1gZ2BukcflN00iOM2tnuDPaqddqZGIDzSLID1kOoGnJoXtnaZA1ZKDHuSBoyDxmieQgXyiIXFO70xYNy-GHO3YI2vROWDoyoEqD3HG4aVnUmah7oOENW3i7zwKuO-2b67qnW4Fv9n_Zy2rvFJZO1XWEUsYvPbAkRYI8_ZZG5_-gfMovgyEH0sSO72kK2I8JjsYfAT7dJOfdJleWXvejUO5CLC5Vk3ffCM0f5KYcfQCuciPodIHZp2va7Ejlnbda_x9Jg3KFBdLmsJTKXwijBl1iNzv3CjefjkYYeQwmxfRCz1Z2hSb05xcAL3txl27-wYb3SeKQQPbfNXDixydbIbrWs5d_I9YuWID9HOhcWVu5_ag81PQNqYDbLHEiv3pWzyAGzKxxSRlqXwA5WiAi7pXlR6ZE0gjBC8XCAYWMcTB9Nrud-fipOjbpoD4XsA4cfUTJFNiOkV2MURx2ZJSGxI57m_FKrCz4P6piWFe4F2aXKWN4sKPDHjpzTfrW8AUREcHpto9g9QYd44Q3dzNB_XgtYOP925dOHg8cCQ5WSGH04nYKBlkFGLN-LhTi0fFAyraUCK52PayXI27W1mUrScaNjKF0dCNl9RFCk3jcw=&xkcb=SoAU6_M3v1mc0zWtKx0KbzkdCdPP&camk=ethIe0s0hed2sci7-iBNjw==&p=1&fvj=0&vjs=3
Experienced Data Engineer - with strong commercial BI developer experience,3.9,N/A,N/A,N/A,"Benefits
Pulled from the full job description
Work from home
&nbsp;",https://uk.indeed.com/rc/clk?jk=fffae346a7f8acbe&bb=esH78P2Z9oOXO6RmCenceTW5VAKAIViiRDPPEcPRAzYxX7DP-ChAHzqjnT6JFc6Rvo7srp3NfT434kpOXsAYte7SpYAbM81RHe1h1qSDK2cKta6DNItLYj1YFEDVSx1gkcYTvvmXbPPZsWHBAKe9kg%3D%3D&xkcb=SoBw67M3v1mrvv2OMx0NbzkdCdPP&fccid=2b1cf35f69376e5e&vjs=3
Business Intelligence Engineer,N/A,N/A,"Permanent, Full-time",N/A,"Benefits
Pulled from the full job description
Employee assistance programme
Company pension
Cycle to work scheme
Company events
&nbsp;",https://uk.indeed.com/rc/clk?jk=8a10c23c00c3603f&bb=esH78P2Z9oOXO6RmCencedDA5CdFN3hMSVVYWivKsHQqbyAk7EtjuAq5Jwpx0wpavvRw_bda3XUsCnhWH-99r8zGtkbUSdRgp1en2aH6jadJBEYxvtXrfNnliAXT2G0LXiUFHUFKhxpPsXQOoCv_MQ%3D%3D&xkcb=SoCK67M3v1mrvv2OMx0GbzkdCdPP&fccid=0d5f41f4b42e64ba&vjs=3
Data Engineer,4.6,"The Bard Building, EC2A 3NG London, United Kingdom, London EC2A 3NG",N/A,N/A,"Benefits
Pulled from the full job description
Life insurance
Company pension
Season ticket loan
&nbsp;",https://uk.indeed.com/rc/clk?jk=eeff0931ba010b00&bb=WCU7MMS8xQqnvcShsuFb4EMvW4NCuOhTSCzPNbMIw5eqVYFYLGOkICdFJfgnqEomI9LZ4HBnJjJXUW0UQr-J8Cyp9cAluPIm2cRPaglQ06R1-Vuev0QWTRfrvfO8lycc6Ydagc3HcwXtQ2nxfGMAdA%3D%3D&xkcb=SoCu67M3v1mYh_xUrx0AbzkdCdPP&fccid=b999c224b0d018a1&vjs=3
Data Engineer (Post Office Insurance),3.7,N/A,"Full-time, Fixed term contract",N/A,"Benefits
Pulled from the full job description
Annual leave
Company pension
&nbsp;",https://uk.indeed.com/rc/clk?jk=09a51495455fb84a&bb=WCU7MMS8xQqnvcShsuFb4BfD5XnKWO2Vx_NfPkTrqQ4aOlI8v8TA_FPLQp0Hjvcy0I6-CVt6SXIe7E1F02mVp8tTTgRZ12aRsTjAdTcakBl1StJZC1BNax16XyE96HiNy0XAI3NueTTOO1cFSfuEXw%3D%3D&xkcb=SoBU67M3v1mYh_xUrx0LbzkdCdPP&fccid=c9c5dbd616ec8872&vjs=3
Senior Analytics Engineer,2.5,N/A,Full-time,N/A,"Benefits
Pulled from the full job description
Employee discount
Cycle to work scheme
Car scheme
&nbsp;",https://uk.indeed.com/rc/clk?jk=7725ad6cbcc47e8c&bb=_lrqwYqWhEORmlFRVYmQxG3VYqdnB8rJDlzA6QQvoSW742HzX9-ccn3RSGmS42SonZDtLlqidm_negNi9YmAs4c7mU4XaNDgekwteSXDbhOl_U1pQCyuzzrAsI_XEc5DEh3pGzDy0U4ZxnQBEl0YhQ%3D%3D&xkcb=SoA267M3v1mnFl2OMx0JbzkdCdPP&fccid=f6bbfe55e3a6a3d6&vjs=3
Data Engineer (UK),N/A,N/A,Full-time,N/A,"Benefits
Pulled from the full job description
Flexible schedule
&nbsp;",https://uk.indeed.com/rc/clk?jk=3d9f2037ae2a8ddd&bb=WCU7MMS8xQqnvcShsuFb4C8FVmlpa3fj--KyYn_jP5NL08VFPhwmPbALGfFfkEWfR187SZkNxAeXSYZZSyHqncFIbRYZePYu4qbS6Wyi1D8YdBf_OxiARWbP_e7ORIsTVmis2tvglEZPHQDxg1PsAg%3D%3D&xkcb=SoDa67M3v1mYh_xUrx0MbzkdCdPP&fccid=1ae45ffb2e25d392&vjs=3
Cloud Data Engineer,N/A,N/A,"£80,000 - £95,000 a year",- Permanent,N/A,https://uk.indeed.com/rc/clk?jk=ead95ea30639cb3c&bb=_lrqwYqWhEORmlFRVYmQxB1VvVRfBFAL1AzeQO7Q-6h5feGdlL2dIVLA1w6Md8ZsYXVuVPVmTvoh2CH45gGDhiNuDJ5MCx3xFY_LejM3cNXZlb5Wagfdib0mv1p7sA6eoIIa514nfzVb4lH3G4-pdw%3D%3D&xkcb=SoBr67M3v1mnFl2OMx0HbzkdCdPP&fccid=c7414b794cb89c1c&vjs=3
Data Engineer,N/A,"10 Bloomsbury Way, London WC1A 2SL",N/A,N/A,N/A,https://uk.indeed.com/rc/clk?jk=81587ca300c3e121&bb=o9moxNBqSkYmO1Z9G6wGUHCxuKDxrEfPBtVFSJT5MktkmAsp9jPiIHy3PGGaSeWMAbUX5XbWY6LGNxGcKDt0DkRf1_IatzL1n52kVFbVnIJWDPfKzbXMUcStAM2LyC6VU2KoGFGgo11wFY--FhWoKA%3D%3D&xkcb=SoDd67M3v1mQIzQAlx0BbzkdCdPP&fccid=cd2810f7f9f8107f&vjs=3
Cloud Data Analytics Platform Engineer - AVP,3.9,N/A,Full-time,N/A,"Benefits
Pulled from the full job description
Annual leave
Employee discount
Life insurance
Employee assistance programme
Company pension
Private medical insurance
&nbsp;",https://uk.indeed.com/rc/clk?jk=b867cf08231de5be&bb=esH78P2Z9oOXO6RmCencefoX7buKhByLu3hBbrxxJcH5-oUaLZVDxT4dkXNFMpERDJXVqLe4Dbt2a--ay3qtqa3WYMAeBQBbuRLBWVh66CY8ngzjxeeXXc3Kj2z_le3KsLljnFsNHSA%3D&xkcb=SoBK67M3v1mrvv2OMx0LbzkdCdPP&fccid=5bcd1ef0a7f4fb99&vjs=3
Data Release Train Engineer,3.6,N/A,"£73,652 - £92,056 a year",N/A,N/A,https://uk.indeed.com/pagead/clk?mo=r&ad=-6NYlbfkN0CH3ip6N8In1rpEbfZt1yZUAKckm9l8Ipx7Gji7zyp9hiH_nDQUcpVWxHDT1J6JyY1lmG3c8m1xEloBH-glv0nXmbGMjdYumwoHwDczdp17K2XqRCUPT_w9Hr1hs1X4v6jmx5HhZJzZn2NcRDAbfymsT67q0BzEUwgpQCuRg1XxwU1QfLuvFgOHs0svaIpM2mgtYQAzkelxkCWxAvdPRVU0wbPdAKr-1m2GzceF8TteqXZvJighczJlg_4tokEBmkcULaxAjyo3wPqbOeaEPtobp-U9A8P1nLmoNyKoziG8dbZEW_-4e2PbgwC2ck-U4tV_eGLxVLzRRu5R-R-pKVeqLF_PmYXm16qixh5eE8CW2oig6HJ-DdGBSWnNI2l5rShJMaZvjyLKHYNrQHH6AGcDavraoKPqTBF2efCtXEImdgd37D-emHyl_EGUSGbuoppMVwebbQSRGS5AJc7FbF0uDph1l-Bxt5rN9xyk3cM6e13FzMAfHP37Bt35JFa3XQ9BspH2LndAu-sdRVBWCNlQAVcL7l8RAnShfUILkcaJa_Mi94hsVpbTFJNvkCV0wFiWbcC5dPjDik3Xo92oOhTDPeq2zzieGo3kkoO7YPaMCfkj7peI-8vP5azfVY1mj40o0pZcUnmP9cM40nXb-NQ14N6BpFm9bd7Y3m5-k7b3CpscZ6kHHgluS0hXeZ7op4ekK8wNZc2d1Qu7rL5eo0PQldbNAUtQIuyL5WXgksq9Hw==&xkcb=SoBJ6_M3v1mfOoW9lR0NbzkdCdPP&camk=ethIe0s0heczHuBoGZc5DQ==&p=4&fvj=0&vjs=3
Principal Data Engineer,4.0,London WC2H,"£75,000 - £100,000 a year","- Permanent, Full-time","Benefits
Pulled from the full job description
Flexitime
Unlimited paid holidays
Casual dress
Work from home
Company events
&nbsp;",https://uk.indeed.com/pagead/clk?mo=r&ad=-6NYlbfkN0AF3af3iyVmZNPTIdKk_Iy64uuuPEA2HypM4DKkCkouQoLc8yCA0SBCLhcizZo-ZU3DH-8PWV3fD8Jn95VaSEHbsboGSQye3IVqs88WCrzDpz5om6hRjN4t7UH-72X5jXbUx7vm3g4EA04beuWed0Ti94t_Cbc0WFxFidkhKox5ESOt_qLkLl19TrjsdFPaWTF1PGNRAs0YFc16AUX8tw6VniUtmlIHGBTtXFfctm7rxac9DZ81mLNoWtUnF143tb2k0EG-J875uA3poorPA7POVubqWK7v2AsnFfPKFSU_jQya-HjuAZq4bU5UwWNOSVInBbt1ugIZshSHDSz0VkK9u-Ez9rAwBqxcMKEs_d74luo-dSvciqfx9aQnWSRCJRZCqnvYZIkjLLVinCiSTikMXvXWOaDWRaRYO8i4dnvvmw6YM1OpSxYpXUrQgkp7noHycX2xOa8CkvbqMMYgoTbXVehMWfNRT5USLbiL2npiAvoxcXIC3kjB4cuD66_Ye2WatnWdw7htDmxFqUCbCy9k8PoI8ZtnCtkNiaygSv4K5dVkN_M4uoP1fqPWY4pY5MHMD-veUM0YcHor3Q2P4K9gy2csH0ntqAV917WPOMSrtyw10TkIDqy3sYgm_5JqGwfalP3-bwC0uE940LQgw4ZUvkOkqri0l5PPIsPqQOdvUkwLgdlLWAXM&xkcb=SoBa6_M3v1mfOoW9lR0JbzkdCdPP&camk=ethIe0s0hec8v1UGgaXo6A==&p=0&fvj=0&vjs=3
Junior Analytics Engineer,N/A,N/A,"Permanent, Full-time",N/A,N/A,https://uk.indeed.com/rc/clk?jk=f131b62b610958eb&bb=lvK1JsXCNS65GNsrrouG8TAkK8W_ERhTaRMfDayKGUMpwND6S76pZTtSJjBjg7nI0L9EGxWr-Q5mrQAcGK3xiD5gSoZ5G_QhQlB24NgwaButyO2FcnT4JfEG2Xb0KOPUxGDijXmy94v3lGDVgiSyTA%3D%3D&xkcb=SoAJ67M3v1mc0zWtKx0FbzkdCdPP&fccid=41af53b74306e28b&vjs=3
Senior Data Engineering Lead,3.9,N/A,Full-time,N/A,N/A,https://uk.indeed.com/rc/clk?jk=e41f1e84dc6af305&bb=QbdEU-W9RcBWUEAxoOREtADC3nSo-gZdJ7Fz7oGMD5RLfs7nBORej7FFEI_B_veL-kbHfM_A9aPbJWDZSkhAttYBgmh8htQmwigvZdgrtSIIDHUjssDYynw0FGe3g4htNTRjfcULN0w%3D&xkcb=SoCh67M3v1m-pVWtKx0DbzkdCdPP&fccid=5bcd1ef0a7f4fb99&vjs=3
Senior Data Engineer,5.0,N/A,Full-time,N/A,N/A,https://uk.indeed.com/rc/clk?jk=875e0b6b4d17f033&bb=WCU7MMS8xQqnvcShsuFb4IQkKD5t6l2D2PdrxVsy45zQ0B52dMCETVwEHfBYvk3yt4LvzXrYTLKAtpW-KqmF1M4FneR8Q0n5W5j1OaMdrAeqVn_hoEHQlkorqFItjUDlPZT2RK9XWjmaIcsfzEUOsg%3D%3D&xkcb=SoBu67M3v1mYh_xUrx0NbzkdCdPP&fccid=fae563c40212ccaf&vjs=3
Commissioning Engineer - Data Centres,N/A,N/A,"£50,000 - £55,000 a year","- Permanent, Full-time",N/A,https://uk.indeed.com/pagead/clk?mo=r&ad=-6NYlbfkN0BXmQcW-mSJj0LkxUxJiS_jj0jbNxnjaXVRXFQiX609X_Avthrro0NqpCjn8b2ZFjhsSVNW8L2LymMJYLoxhpfbxJwzDvfBl_QUT4jB8svdtIURlBKJW5CUx15LgCHXwn-uk4K0rKtJHB9s8F1NeNAeyhrLHZA5QXGTscuUhJ5Cx07gUXbsPs-cy_s5FAAfpfF1VUkHAN5qisR2tQFTlhwf9hUq945tzjeruSTHG7K8YfXGF3s1hWvh9bJUsnBbdgQo0GsdY2rk5i2gxScLfEKqNJkjrNVqAeKh4XeRPrxM9MatZ-jqjKXOjB2J2t5gtfXh3S5DmAbt6ABHD9jCTRtF0l5-FP4zHwc5_ujC8qBzYQ93ViQTumwVrTeMWb9sMROlWDRWNiPASRBsrv3nm_0aQFvbJbtX1FfH7Ui8v0ayFYDbzDcJBuaugOlK3cV5fLBpU4_xuX2cRGbZOvMNe6GYV_V_62CsvajnAd0J_WZJBZZED-SwuP6bQvSdrSKkVvvYSbyLUvYqdJfSAGUNBW1fngL4oFqRD8cXr3ygoxsIJIQe8flwPm6orOEQOsd4I2YcnvK_QB-KIdy_UHsGBOhdTdLrF4i8s6f-wiF2ZQsVe3KEv5bXeHciVhZDy9HOviMJoikztcto7-tNkLYvVIMiDpM2BVC29M5CftqxYjEHF8URoGmO8LuNNFiMTWtvpBpVyNe12dXTvmW3P0dBh5d5&xkcb=SoAH6_M3v1mfOoW9lR0HbzkdCdPP&camk=ethIe0s0hedyKGdAZBidWQ==&p=10&fvj=0&vjs=3
Data Engineer,N/A,"11 Nuffield Way, Abingdon OX14 1RL",Full-time,N/A,"Benefits
Pulled from the full job description
Referral programme
Employee mentoring programme
Employee discount
Bereavement leave
Life insurance
Free parking
Employee stock ownership plan
Show more
&nbsp;",https://uk.indeed.com/pagead/clk?mo=r&ad=-6NYlbfkN0Cl1-_P3tpI_7bzql_I7g9JNdPUognNOxSyz73FO3TVuKVW6gSAW5v4s4RiWXfk-2WDkOJ41gElcU7FLW7j_vvvMIE4ruo77eX4UT4-rCMQF9LXX-ijkQ3eWdOR7m40hBOpVvAbX2h2Dx5McpYG8eVeVjlg2y_pd52PfLmTiU5OI1s6DUuMInEj60PYu-jCKbC25tneCVFN0_WDusY82BNKvpgGSChy5273pU4xa1E11HYlL592igs3uSP6GholHJAi-CNpmsuWivcMinsVddlChCcvVgH5Y_RENr5__-EOQoGMe7D6qygOV7AJgeLfpKVcWUvU2wdXNaKAx4WT2d9OECXiakCJqQo9zbttFY_H4fMU19HAH-09s_acDWBzcP0JYA0rzROhWVXmP7SK1lCnIz24g18-y0rvWbNA5XlENqSb6bWVDj3fjIfzUaMFMTpQRTgheqdcOd8qgmt4MXolRt9T9W2R6zhWYpY1itBmlxukKaZmZcsafUHCQeK7EseWrvKD9NRshQFFBEbb5m2lxE_bguX9XA5MvmH7C7WetiaT_rsxx8QgnsCNLIm6DpOy3Gv2L8dqozM1eiIEnvB-7Jy0G2PBMPaZ9AzmGgBs933vRYxv4iP2oa_Jq9oSQkEDqp61KmJuc0NaAs9KwkhbuhjeGiqKZsU4zZnTZCKKjg==&xkcb=SoCg6_M3v1mfOoW9lR0CbzkdCdPP&camk=ethIe0s0hectcuLAab3r0w==&p=7&fvj=0&vjs=3
AI ML Software Engineer III - Chief Data & Analytics Office,3.9,N/A,Full-time,N/A,N/A,https://uk.indeed.com/rc/clk?jk=021ce7657a1ec75c&bb=QbdEU-W9RcBWUEAxoOREtOznUBGH9jZWmU0YmwH3GKv8MZRkox9mzfBEjffR-whC_CVSuN3yeKYjjw3jIIxKs1yMjTsbSFcAyEW4u_3YqnyDGH7MdNCw7Qta0hLyFvXl67YP4PjiOyM%3D&xkcb=SoBI67M3v1m-pVWtKx0MbzkdCdPP&fccid=c46d0116f6e69eae&vjs=3
Data Warehouse Engineer,N/A,N/A,£500 - £550 a day,- Fixed term contract,N/A,https://uk.indeed.com/rc/clk?jk=4d6cde59b5a3cd8b&bb=o9moxNBqSkYmO1Z9G6wGUM9qWeMP0RVXN47oQyQqgZsg-B4Q5O1AsKQ1WPEwOrgydeiXbVyVqU1OB3qEm7ISahJcQBlbbuTwIACoxDyMaB4qkDJK26UR7OP_3GTUJAA7c4QA3HEmss7YBHCfq-4cBw%3D%3D&xkcb=SoBT67M3v1mQIzQAlx0GbzkdCdPP&fccid=19d1d48be8ab494a&vjs=3
Analytics Engineer,N/A,N/A,"£55,000 - £81,500 a year",N/A,"Benefits
Pulled from the full job description
Employee discount
Company pension
Private medical insurance
&nbsp;",https://uk.indeed.com/rc/clk?jk=da66e9294cb20930&bb=_lrqwYqWhEORmlFRVYmQxLNWG3NvDb--O3K1Pg1s-qSF3hfaDjbrXgPKgYCC6izXrvwUdw5ITa9lrZummRhL7AbI1SQU7krPsXBVHUXsKi7ErciSBTinNaZlu8S5jYp_iptuTMxk0A6lMzNBUUKasA%3D%3D&xkcb=SoDM67M3v1mnFl2OMx0CbzkdCdPP&fccid=a66614257969d5da&vjs=3
Front Office Data & Analytics Engineer - Crude & Products,3.7,N/A,Full-time,N/A,N/A,https://uk.indeed.com/rc/clk?jk=4655538b8e4bb4b6&bb=aT7FrEkdmuEaiWzKfTuKqO8nXyK2ehr_DCCsmQiAwVYec57cZ0VQ2TgTFIfrOykEaxvFRCg1kHEL2xuuXKzkCT0-ryUutvdxlURb0EccjorOz-5H0rAgRniwgcKmXESMasYfEsa_Ga-4-cNqz0Qutw%3D%3D&xkcb=SoAb67M3v1mUdz2tKx0LbzkdCdPP&fccid=2e75f29e0007f5a0&vjs=3
Data Engineer,N/A,N/A,Full-time,N/A,"Benefits
Pulled from the full job description
Company pension
Private medical insurance
Cycle to work scheme
Car scheme
&nbsp;",https://uk.indeed.com/rc/clk?jk=713a4a0f938ff9c0&bb=_lrqwYqWhEORmlFRVYmQxI7ksj77u7LlD-Og8fHVlJLTv_r05TBwAOUp0bG1_veiBTrhHAB5NjPZU2faXEYDNrNIH-CCa-V2UC89a_uDhhLY9F8iPq9lOG9TbSSV21qFZCvfmWYBZXcd9IbJARu-BA%3D%3D&xkcb=SoDl67M3v1mnFl2OMx0AbzkdCdPP&fccid=164dcda8088bdc78&vjs=3
"Business Intelligence Engineer - 12 month FTC, Fleet planning & Capacity",3.5,N/A,Fixed term contract,N/A,N/A,https://uk.indeed.com/rc/clk?jk=46be732eab99fa23&bb=aT7FrEkdmuEaiWzKfTuKqFEbMUvRQRMTAmqMaL-JuAMwuipzabdib6pEIosfAduH4VzP52yD2Ps-_uVOCJVBoHmwpQPrqdgt3F21MOF5xONTRm3y6baEE0PE9q8QhmBcbTZqLpVYG6s%3D&xkcb=SoDI67M3v1mUdz2tKx0CbzkdCdPP&fccid=fe2d21eef233e94a&vjs=3
Data Migration Specialist,N/A,N/A,N/A,N/A,N/A,https://uk.indeed.com/rc/clk?jk=d8d9094f28e91a31&bb=WCU7MMS8xQqnvcShsuFb4O0CZ03lUtVVrG9rliBwCMPrBzmyIbaJdMeDhtA26rCsbNZscE15WKhtqbf06ueVAU5nqJ3MIGcmsEY7VKlT-QBMQetna1uUaqLLZBQoZQpgqwCmbjS6wRPM-pEu0TIY9Q%3D%3D&xkcb=SoAg67M3v1mYh_xUrx0HbzkdCdPP&fccid=dd616958bd9ddc12&vjs=3
Senior Data Engineer (GCP),3.6,"3 Thomas More Square, London",N/A,N/A,"Benefits
Pulled from the full job description
Annual leave
Company pension
&nbsp;",https://uk.indeed.com/rc/clk?jk=4008f83ba5fb6093&bb=Z0X5Kzi6-zZGFf6eDzcLt2aTG_0o7WeRK07jXqziRbIF5WD3KEm9017szECyEytIFfKWB0G8ZxJIOL00ghu6q1y2WtWapPvLMqvwpKVhTpn_iNxeFiA6d2wnuD-MCcFlG_BJOL2hRx7J1xJWhi5zgA%3D%3D&xkcb=SoC667M3v1mi9JWtKx0BbzkdCdPP&fccid=d73294b71d7f0354&vjs=3
Senior Software Engineer - Data/Backend,N/A,N/A,N/A,N/A,N/A,https://uk.indeed.com/rc/clk?jk=7a605ffa5ddb0d30&bb=_lrqwYqWhEORmlFRVYmQxD7osWqrK_-8hHtKarNCZA9QKoBz8INk1TeOx0j0t7m2mFUnEU2Krnfh1_IXLoezFhNzLVPBKZ7zu695w8t7bf4JeMOQ1kPpJ55QHUyYFKDT_-AdhieJnW6NLnL9IOtkJA%3D%3D&xkcb=SoBR67M3v1mnFl2OMx0BbzkdCdPP&fccid=a88f1281df0251df&vjs=3
"Data Centre Facility Engineer, InfraOps DCEO",3.5,N/A,Full-time,N/A,N/A,https://uk.indeed.com/rc/clk?jk=159aed049890331d&bb=o9moxNBqSkYmO1Z9G6wGUBRzWuWRnixNoSppCnvdt8CAHmuyiIO8crsC_ly6y4M6YdbkPoW_ZYXcpiRFvS2mp5zJZTds-cKzumQCu7eWYeoBv0nsGWDP0C--jzIyzLYFrEwHI9W8rsU%3D&xkcb=SoAd67M3v1mQIzQAlx0MbzkdCdPP&fccid=fe2d21eef233e94a&vjs=3
Senior Data Engineer,N/A,N/A,Full-time,N/A,N/A,https://uk.indeed.com/rc/clk?jk=a3d69d96875b362d&bb=QbdEU-W9RcBWUEAxoOREtN2s04Clvr7jxmtW9afzOved2nSw2bWMkXnce81Kmj-3lCfbnNYObq3_E5kaRroAH2MgZnsvMJ5aNpwYX8zuh6ZHF6XhIBDQJHR5rooBao7DL3HQRvAqksgAAiN08I3Ggw%3D%3D&xkcb=SoBb67M3v1m-pVWtKx0IbzkdCdPP&fccid=7fee9dfeeeabc732&vjs=3
Junior Data Engineer,N/A,N/A,Full-time,N/A,"Benefits
Pulled from the full job description
Life insurance
Company pension
Cycle to work scheme
&nbsp;",https://uk.indeed.com/rc/clk?jk=597b0081c7ab4560&bb=lvK1JsXCNS65GNsrrouG8cZdtZLKMXrbt0Xhdywu9qidyoVNXI0vHxzcTcC2OpgMQRp6idR-PrO4kEtlT_fAwqTRznBDpNar6uLEecQ_LmnZFNx4CqnTFKVFKIgnlRrNNELTxdAo_p3G3I0bxWmrjA%3D%3D&xkcb=SoAz67M3v1mc0zWtKx0DbzkdCdPP&fccid=ddd47ef2b2274fe1&vjs=3
Data Cabling Engineer / Field IT Engineer,N/A,London,"£28,000 - £31,000 a year",- Full-time,"Benefits
Pulled from the full job description
Company pension
&nbsp;",https://uk.indeed.com/pagead/clk?mo=r&ad=-6NYlbfkN0A95I2Kkd-5AMjDMFHDv3Eqce5hH9uGS2p-yY4tQzjrpkKbh3cZJo-idU6gEkDdaLXi3U5i07jhA1rOxaxaKqkivTztoL2tNfw0gCoMAwwJuQc1NWAZTHQiKJaKIIsT1n2zEQgg7xHu9U8l5Ckzgwj9ijZ9JLGksZjgbcC0iWMwnT-Swi5rFUQa1Plv9DxpRR5B-JlTef9ivv9S-j9iky_pzGD5fyNqKB-wr35WYLcKvqrSytWMP4M0cIG-SIaSQ3vctBhlxH4bZyM_d9qWrFCBLjdZJ6nhl5scwC992DbdfFuH30J9d4N1DdLfWBYpt3Ko-Aii0V6Fh114zMvmLrs_YpSdNOk9AxGZquaXsK1kswGtY5SdyAQILDi089IeIlt4jVFojH78KG2Fl_oVdjU7aHYd7ReULwPQvgt6dIoUDT2KfXS799Ftz67pZ2UKA6BY9EnY5kEE4haMYntM-G1t4RxLalHzHwzg36nsz6xUCnk_gzf9uAtB_eiKDrDpMMz_NlI0PNelrraL8ECk-2Y4CnhmsIACcvCMYSYwZlbLwoNwW9qBjutaSvKHIo8rOHUkiI4lOq_ttWbw9VsH9IcTuIF_ENAzovqU8xBMRJlOf5TWzw827d_vlwkGJBLDbPHA_oQD1NXMq0zu2Rc2hSwI7E66RiwCdk8TQzTIDW8SBkb76npJ-K6k75IPGhYWNw4hA1fOX9NVFw==&xkcb=SoBa6_M3v1mc0zWtKx0AbzkdCdPP&camk=nUmJqO2E8rjGiqMPsorkDA==&p=11&fvj=0&vjs=3
Data Cabling Engineer,3.0,N/A,£180 a day,- Temporary,N/A,https://uk.indeed.com/pagead/clk?mo=r&ad=-6NYlbfkN0AjCSgjiuMUvP2kA1zXjvdmw3qeZBNWw0lXM9DHkxeV72ibFg-J2dYlw0Fn4c_m0kjwn64UFRh0UJ_JD_wchAhDbsVCEqb0QCTGA1qI_HX4cW1wDVIAkHVr1XC7EtZzl5WLbUNuKMTojfGpEsIAX8RqEfrnKvE7FATbvvW2KtJ0CbT61jQ_ZNeMMV4mtPa6uC8FvbzXX1AMCPnxgbbbYckqgT7L0F4yDv41m3yBuIxKZAtKcfwxfi0FbWwFo8bkBndyOCckxEJHou5dcw_5ptqG_62vlAzSONy_pays5vdXrjAQViDW6Pq790Qtcz8xDgB73o4uDJNpbl09x-WvPCqbP_OGdETgfz6vI7BYBYuCNk7rXmE-5Dq8QlmHpe4nHzmK9Dk6STz9Ix7hjEiDIlIBQ6ETjlGH5ep2bCtaYq_kBQiygBlqBh9as0LsoAoUh4EOafK0iDLEyZPmTeKj8fzMtnazTMYXnq8spErJneIt6i2miYcSViiMEu3pufFeWhDjL6s_7HEbvrqL0CZ6zIsvzZdSL9DV6jSvaThzmSDIKRQRGWvjVj6ZOiJcCU6cWmEtFP5nhDj6W_YsaqWa37H2gXAtgsQrCp5jF7tgOEjRE_4em_appRPvZdVwZrSIHMuittRC0ISTAQQ38TEJ4dM3s0Bd2tuk_UT8VdyLKoJZjIIX8JVVW7W7LFBvVKlyfvCmFKQ1Bm_TdQ==&xkcb=SoAu6_M3v1mfOoW9lR0FbzkdCdPP&camk=ethIe0s0hecGWOtg5jpfWg==&p=12&fvj=0&vjs=3
"Sr. Business Intelligence Engineer, Prime Video Store, EU TVOD",3.5,N/A,Full-time,N/A,N/A,https://uk.indeed.com/rc/clk?jk=81a2ed1ccc44be76&bb=esH78P2Z9oOXO6RmCenceX-uHAzBZDyNtw3l86z6bBQxXhALT0ICk5xXGSHsZwPZpJg0ote6dZ6GVXvyTWuTKVEVGy_NHdAbbWc2ejiZhV-LbsBOV4MiUkg4Lv5JuZOM0XIiKuh65Jc%3D&xkcb=SoDE67M3v1mrvv2OMx0MbzkdCdPP&fccid=fe2d21eef233e94a&vjs=3
Senior Data Engineer,N/A,N/A,"£75,000 - £80,000 a year",N/A,N/A,https://uk.indeed.com/rc/clk?jk=01df8fa100bdbc0d&bb=esH78P2Z9oOXO6RmCenceWJMdbd_y9hkOThlVTxytzup_8l8mvDgEDf3p9GZe-0b2gpgHq8Ba5kHgZXygVlmah6h2pXUn_KAwlyrR1Sw3QK32YIUzIFlhIUd19J0vc76m7_RMN9aan0Y5ZfZnVGWvw%3D%3D&xkcb=SoDX67M3v1mrvv2OMx0IbzkdCdPP&fccid=36c0b725a8fe5d68&vjs=3
Data Engineer,N/A,N/A,N/A,N/A,"Benefits
Pulled from the full job description
Company pension
Discounted or free food
Private medical insurance
Cycle to work scheme
&nbsp;",https://uk.indeed.com/rc/clk?jk=7d6f4a3fd197031c&bb=WCU7MMS8xQqnvcShsuFb4C388GisMCUBZ3t30SO_zqyfjd0Gz4_buAjXEFpKLaNE1Cv__UGw2A_12eg8COAvdEzYoHVzQWQH7jdazNXW1KdKTxkETSCjf6fZJTifUa6fclBxWLQWOQfp8Aj-ppbyUQ%3D%3D&xkcb=SoCU67M3v1mYh_xUrx0GbzkdCdPP&fccid=a88f1281df0251df&vjs=3
Senior Data & Automation Engineer,5.0,N/A,"£50,000 - £60,000 a year",- Full-time,"Benefits
Pulled from the full job description
Annual leave
Sabbatical
Company pension
&nbsp;",https://uk.indeed.com/rc/clk?jk=6a4b8821e07c7d39&bb=aT7FrEkdmuEaiWzKfTuKqCAk4khfPmq70GJH9SuO59FA3xFxnTy3iiUl4yevBBgPFWnxNGVoNre4e76oGsHePwsHtu3TJR-Plub91Z9Q2Fp6k7fAE0EJHYK4G3-CL7lfeLbCoPG7yMbvu5d08_5uyg%3D%3D&xkcb=SoDh67M3v1mUdz2tKx0AbzkdCdPP&fccid=4f9439c1abee480d&vjs=3
Lead Data Engineer,3.1,N/A,Full-time,N/A,"Benefits
Pulled from the full job description
Employee assistance programme
Company pension
Paid volunteer time
Private medical insurance
Discounted gym membership
&nbsp;",https://uk.indeed.com/pagead/clk?mo=r&ad=-6NYlbfkN0DDRpfwdqTBSFcAGxDiQNTnNhx9OH0aSKed9FZKvBS5qC2zKUjQ_hc-nphiOSsjy1TGDYGNlaJtSlZowZo6rEShwxWkHU1WtVMZpI4c6NVCrEhe_bW2TKnr9pE3wufwtkfN0z6cYk75dENCVIm9mpVXraoh-r6kYjAouSedO1XiEO1AqX3lchjH8Z3fiAWhBja1ULqp1t5WJqGf0WWZmultrJrUs0htqziVLshrA3mHcE6xDy0E1bc52XOhhkAJcsaXyZytmhG3nb_I3kEqOGGY_kPhkvDySEkczt4p4JvfbvbPDWmKnuIb8b7oQMpn_pgSSj22Dg_M5bdkzEnKdGBrMegQHKBFD_rNP9nmcIEgyY_WYSq3EdXO-4g3blmtgmt7hrUbx7pz_K2hfKepsNNrzXZeUXRPyAE3hved_hWmEMbJnwmc_E_l2iMhEYfOB2acJ_y8jP9x2et5AgtXoBkzganceQUuwMFA9olK7ScKnnPwvm-A3ukCvUDeBd1kY1VTkcqjEm620WnMA1lSVunkW_ywPfh1tQawINXq4NtrleCa9m_CypFdqOr3cftowu4zJnSoKPGRhhBj-lpdJ-nCMDy32kFJGh_1BebjuH7wFiXxImtQ0HAxPjsn5VRqo3Xfo3BcPBYhjMTqgXTz1i-G&xkcb=SoD96_M3v1mfOoW9lR0MbzkdCdPP&camk=ethIe0s0hedWub63yMo_NA==&p=5&fvj=0&vjs=3
Senior Analytics Engineer,5.0,N/A,Permanent,N/A,"Benefits
Pulled from the full job description
Private medical insurance
Work from home
&nbsp;",https://uk.indeed.com/rc/clk?jk=3c147149ee7d0214&bb=Z0X5Kzi6-zZGFf6eDzcLtwPRAlexyejdjypO_K1CPfigZ0qeSRjYk2S8MD07A9Qn5qGbXM9K87j8FA5--a-jpvO_o-2ooXMYNzHtAqWV7Vypia_2AY8gP9TDG8Ag7o91Brpw-8eb6YUN66Xvhv1SZA%3D%3D&xkcb=SoCA67M3v1mi9JWtKx0HbzkdCdPP&fccid=795d0c1b7eea26f5&vjs=3
Mid Level C++ Software Engineer - Market Data Content London,3.9,N/A,Full-time,N/A,N/A,https://uk.indeed.com/rc/clk?jk=b9b3aabf1b48ebab&bb=esH78P2Z9oOXO6RmCenceTawSdeRVx7tEtxyIWvGvUAmtgJWj-aHR_4Ns2Kph-Axq3-QY-_9e6H1EWoANrNiVzyZielp3NlWkY9vwypv1JSb52yYTgvWnvO6AyBktx6gd3MrF3w7Ufk%3D&xkcb=SoA-67M3v1mrvv2OMx0HbzkdCdPP&fccid=acfb0b086b8f975d&vjs=3
Sr Data Engineer (hybrid working),3.1,"1 King Street, London",Full-time,N/A,N/A,https://uk.indeed.com/rc/clk?jk=8cf353b3aa830970&bb=Z0X5Kzi6-zZGFf6eDzcLt3n5mBGIwV7EHB1bPHU3z7vkind8G5mrptiJUa8fM4J_hWMTx7datUexgFLn5fhcIpKfKmulpFZiNR-q8b8SogQNBM8EEwPbsd0uohYMfeCJfllUE5GUrjs%3D&xkcb=SoDn67M3v1mi9JWtKx0PbzkdCdPP&fccid=39806be0f84f3745&vjs=3
Data Engineer – SC Clearance,N/A,N/A,£500 - £700 a day,- Fixed term contract,N/A,https://uk.indeed.com/rc/clk?jk=15ccb3f9e828cf88&bb=aT7FrEkdmuEaiWzKfTuKqBVqjWCqaIBz1Q28QykUgNc9BdAyfYO9x964HHRjbMD_4Ph_HZY0K6iGvLxQnOsTXI99qVHPdzGu0T-7TMnxmA_dZD8X71_8J_01cJgquag1CELSYVZeDWBP2kMDhyFaMg%3D%3D&xkcb=SoC867M3v1mUdz2tKx0ObzkdCdPP&fccid=447163ca34a4b3d8&vjs=3
Lead Data Engineer,3.3,N/A,"Up to £120,000 a year",- Full-time,"Benefits
Pulled from the full job description
Referral programme
Employee mentoring programme
Employee discount
Gym membership
Company pension
Cycle to work scheme
Free flu jabs
&nbsp;",https://uk.indeed.com/rc/clk?jk=dd985528b604811b&bb=esH78P2Z9oOXO6RmCenced0qOw5BqtqZsyRsvqjCdQ3ctOCyEva3z4Ic3prAA8MRwZzHW91oaYSMlNx2n2CwhtlpmtNBVwhc5S_c2HZmmJpebeqLMmOeg9_8_9Hr4MTj3O7YGyA8qq5qTEA8bfTrTg%3D%3D&xkcb=SoAE67M3v1mrvv2OMx0BbzkdCdPP&fccid=18a7374fde10337f&vjs=3
Lead Data Selections Analyst,4.1,N/A,"£45,000 a year",- Full-time,"Benefits
Pulled from the full job description
Annual leave
Company pension
&nbsp;",https://uk.indeed.com/rc/clk?jk=5cb16e1fa5fb16a2&bb=QbdEU-W9RcBWUEAxoOREtLpWRM7CZ0MO3bjHqXv7x4G68ZDeYvfKDcEpg0_HwxO8TaMlO_w6ovQ4LBcDsvHBzdLdQlwuBy4WgfsVRvZJT2Mg2MMafLJjQ0KlJTUVZsXwbAvbedzfZHRMBcjmvNAUwQ%3D%3D&xkcb=SoBy67M3v1m-pVWtKx0KbzkdCdPP&fccid=a4e2a885e22254de&vjs=3
Data Engineering Manager,3.6,N/A,Full-time,N/A,"Benefits
Pulled from the full job description
Employee discount
Company pension
Transport links
&nbsp;",https://uk.indeed.com/rc/clk?jk=fb50e88f655bb6e3&bb=Z0X5Kzi6-zZGFf6eDzcLt5vw25tbO9Pm5IRYxHduP8hG7wpn5faWa0no1i_tv6o8GtnmeGOzeRq3qX9MYpm-xF7JKK_CCgu5hTsvg2mFuoyZkITTJsvD68uNZGxMwFHAjHjJ7GwQHFNaXI9X1IZtOw%3D%3D&xkcb=SoDO67M3v1mi9JWtKx0NbzkdCdPP&fccid=7691ebb71b24124c&vjs=3
Senior Data Engineer - Pathogen,N/A,N/A,Full-time,N/A,"Benefits
Pulled from the full job description
Company pension
Private medical insurance
Car scheme
&nbsp;",https://uk.indeed.com/rc/clk?jk=197bbe8e28be3847&bb=aT7FrEkdmuEaiWzKfTuKqJ9I0KsyQTVnpMpn-65Ozo1bMgjuHRW_i9V_qSJjAvd_OdNqfBDyTrnKjuSNDImyFcCLHLMZy3zeTnQtUzrcvCv2DOMgJedP2ZGCtwBJZSqjK5ZOvFeSOzWejIIoxrS3ZA%3D%3D&xkcb=SoBv67M3v1mUdz2tKx0HbzkdCdPP&fccid=f39e5dcb09de08ae&vjs=3
Data Center and Facilities Engineer,3.3,"First Floor, Moor House, London EC2Y 5ET",N/A,N/A,"Benefits
Pulled from the full job description
Flexible schedule
&nbsp;",https://uk.indeed.com/rc/clk?jk=db4b8ef25e08b28b&bb=QbdEU-W9RcBWUEAxoOREtOMM0odHC4kmpikxtG6sx9Vf_wClzAzLHTCsOya-HNr-ZLNXefOnAJgW6UNCLKOhWkLDY26IfnaPy9BV-eBwYzBGznU_3rzzTQkyFsOoSbH7tEzhpKrRCy-eNyYvh2oyrQ%3D%3D&xkcb=SoBh67M3v1m-pVWtKx0ObzkdCdPP&fccid=95d5989e745a95bc&vjs=3
Software Engineer II (Data Platform),3.2,N/A,N/A,N/A,"Benefits
Pulled from the full job description
Company pension
Private medical insurance
Enhanced maternity leave
Enhanced paternity leave
&nbsp;",https://uk.indeed.com/rc/clk?jk=01d0f3c7d87548a1&bb=aT7FrEkdmuEaiWzKfTuKqFLTQlD1CqS-_KSYiCUPInOIZAJyybto-B1v-vMT4iuyd7zYhNCaAWdnjMQLs9N6CAgfB1QBohET-viaHGkG2qMxkbljfwFTTFKfFKjkUAHdvjUXakIDRk6AJm29QsLEug%3D%3D&xkcb=SoCV67M3v1mUdz2tKx0MbzkdCdPP&fccid=72b6c36250909407&vjs=3
"Staff Data Engineer (Position located in London, United Kingdom)",4.3,N/A,N/A,N/A,"Benefits
Pulled from the full job description
Referral programme
&nbsp;",https://uk.indeed.com/rc/clk?jk=67c7e8aa0da0f1f2&bb=o9moxNBqSkYmO1Z9G6wGUK_55ww5dFvV1OEOkTyI3tD_7hOmmfWAwwCjeunfOt_9I8VzKFmUchy_h8_HdvflVOIx56q_kvlF-SeFWWdYzasyq20WaLkXXBdicKe8Y3G8Np0KyBpFIoznvwMHjLaRZg%3D%3D&xkcb=SoD067M3v1mQIzQAlx0DbzkdCdPP&fccid=107bcb4ff5567127&vjs=3
Business Intelligence Developer - Milton Keynes,3.7,"Partis House, Davy Avenue, Milton Keynes MK5 8HJ","Permanent, Full-time",N/A,"Benefits
Pulled from the full job description
Free parking
Additional leave
On-site parking
&nbsp;",https://uk.indeed.com/pagead/clk?mo=r&ad=-6NYlbfkN0BdUMTex1dUQmN7LMXE0i2XiPnYK1XKybzwsFmvKRzExhJY_3LDGZMXQtQgu66L_y2Y9AnKgCcyrHqizSj3QLez0GFxUWyvO7USpgYDQ3O-5yZhfpNNQ2lQT8eHZegBcu9mC3X1mXxLSDoV8kYEos-Koy6zHd6zkAGtTJ1U8kywLBjE48V7Nm6MZEw1EM0v1RbKuGMIO2TMZlg-VG63dVXCZw0qSWoHtirgeJxCvoX5-iK1FyKFim5hhHEKeTg3vd_vuWJO9kNtUkwjBhvLMmNxqtDcGHJ7znteOToMS6sSWcACxIo0HMeluzX6yqbA92oLHt7xQ-evUgLJTqkDhA1PrKU4Kk28c4_4gEr_5RodoGHLpEPUft9RAemlml4U038QBC8ffqaVwk58uvbsoCscAwKEfoPFq-GKXkvyhbtmDy3q6jEj23vrwmYrCEHZQWhGCWd1pjmpHRtzxEDnL1_l47PUThORvDWw399ieg16jYaNYw50mQRCC9v7UvsPKEAztnE4lxJPnlpCfgAQBkKC1Oy1oiYLtMr-LC180zgvaRnuLIZmZ0JZe9Fq71_R_aHeI-p7F863QxNcFqgJpruX4cr9SUlFFnFDPtF3y5f_l-eO1yOitPv4ZRYDVkrMzI8Asqd0Mucr64_GXgMb4lsLHSGx2VZwnXwI4Gdg8seSvxUP95Tj9-I7jQyVdUBb8O3jCGeJioOpFw0X6gaJ3e3I&xkcb=SoDu6_M3v1mfOoW9lR0IbzkdCdPP&camk=ethIe0s0hefJwcduto7dhQ==&p=1&fvj=0&vjs=3
Risk Data Developer - VP,3.9,N/A,Full-time,N/A,"Benefits
Pulled from the full job description
Annual leave
Employee discount
Life insurance
Employee assistance programme
Company pension
Private medical insurance
&nbsp;",https://uk.indeed.com/rc/clk?jk=1801ba353d1e5e35&bb=QbdEU-W9RcBWUEAxoOREtNS0zfvBxI9GyzMIyJAiaort0ZDuHIrqCrG1q5aZOrJx3OzNUrMQ64oqSwfw4_qoaKgBCmKqKqGJGODvCE12aHwRwvhhuIOggPB9C4Z-nlb-zMoPNR-sh6E%3D&xkcb=SoAV67M3v1m-pVWtKx0CbzkdCdPP&fccid=5bcd1ef0a7f4fb99&vjs=3
Software Engineer III - Data Platform Engineer,3.9,"4 John Carpenter Street, London EC4Y 0JP",Full-time,N/A,N/A,https://uk.indeed.com/rc/clk?jk=b45f3f7346e942f3&bb=_lrqwYqWhEORmlFRVYmQxLB9F8t_T_ppawxsuzao5ykYLs-lSN_xqcLAUlnm8Z9BAh9SM2qyFRr1I2YPaiJkD9KXT1KtKDA7ZOjqWE5Hk3Gy1d6tBU03UPuLfyvcmK1LnbxkuRKW_sA%3D&xkcb=SoC467M3v1mnFl2OMx0ObzkdCdPP&fccid=c46d0116f6e69eae&vjs=3
Data Quality Profiling Developer (Oracle APEX),4.5,N/A,N/A,N/A,N/A,https://uk.indeed.com/rc/clk?jk=5382b59356b596b5&bb=QbdEU-W9RcBWUEAxoOREtPyABpBmBBi0Pzu-vv3Row9PxU4ougEjzy_mlqaGiG8eoZ8tDdhBVvIE1W5b5OH4tn8ql0P9HLEnM1gya7sHn_8HVPQf6t_mb39IHcZ9HhYxrlELipmA5QdaHmdPcbM8Rw%3D%3D&xkcb=SoDV67M3v1m-pVWtKx0PbzkdCdPP&fccid=4b841d912d46e4fd&vjs=3
Senior Data Engineer,N/A,N/A,Full-time,N/A,"Benefits
Pulled from the full job description
Referral programme
Annual leave
Sabbatical
Employee assistance programme
Company pension
Private medical insurance
Cycle to work scheme
Show more
&nbsp;",https://uk.indeed.com/rc/clk?jk=21473f9da78a0215&bb=o9moxNBqSkYmO1Z9G6wGUPwIh1lPLgiw60vmYDs4AOBexJeM-wNUDi4PJBfKD591TH-Rf04-0NZzQs14dkfY-XGnCS7nRXjQxDMS7dBnn_Jrjl2tVVjRiZEeUmnK48-eY5FVe3nFf1qfQPmBhOKzyg%3D%3D&xkcb=SoBA67M3v1mQIzQAlx0CbzkdCdPP&fccid=34c982399b17f943&vjs=3
Data & AI Engineer (AWS),4.0,N/A,Full-time,N/A,"Benefits
Pulled from the full job description
Private medical insurance
&nbsp;",https://uk.indeed.com/rc/clk?jk=9327b802e50cffd0&bb=WCU7MMS8xQqnvcShsuFb4BrxtR0Z7LYhfN9i7bns9s7TWBUU3BF3qqgnfUUx2MKbBeiktODZuTWvmaWosc-sn5m0dmsKsJ1P-D971iGzZkEPcqP8n85m3WjRoubjBzijpuhjog4qgv4%3D&xkcb=SoB967M3v1mYh_xUrx0JbzkdCdPP&fccid=a4e4e2eaf26690c9&vjs=3
Mid Level C++ Software Engineer - Market Data Content London,3.9,N/A,Full-time,N/A,N/A,https://uk.indeed.com/rc/clk?jk=b9b3aabf1b48ebab&bb=_lrqwYqWhEORmlFRVYmQxFuYzRJ-oDwnSlTTlor2iL-LuQtCKKN1ZjouP2cDVHx_Wv2F6nLKS7_dSGU7a1NwwS4ch_CjXKhmJ2X-BezskMFYc1MkIS5z3lays1q0OZPJFygi-R5cNHI%3D&xkcb=SoB467M3v1mnFl2OMx0DbzkdCdPP&fccid=acfb0b086b8f975d&vjs=3
Data Engineer,3.7,N/A,"£47,500.00 - £71,557.50 a year",- Full-time,"Benefits
Pulled from the full job description
Annual leave
Company pension
Private medical insurance
Cycle to work scheme
Work from home
&nbsp;",https://uk.indeed.com/pagead/clk?mo=r&ad=-6NYlbfkN0CZUO70VSdYKA8PR3jfrSh5ljhqJhfDt0PzQCMubt8cRi0Qjjn7bGfgUNh63FpD-Qo58WbFVmRzdMhB5wxnZigdjIJ2n07qA3x5tCRtWx1yXQgC8konfJ3CvRI_zEHObFmizhw5ayb9-aNeIvPd_iT4QqFSTww7Lje1ZiisrMqqTmHX3o4Dugya0EMDMIFYIC0lzPQTLwGoMlRDRaBd8nXtyel9Qcc9Meg-N72dSxzyywh7Jo9tqdS3DrGkhudGxUQaCxBTZZLmNXobnDgicoPnQzoHHoBAk9bmA03_6S8pGFJeSzjCMEuqBv2SyMhTsBcGiPE6PdFPW36RFPeMnu8z4hbWFmpBVdsnK4ZfFa3Qv1gCsh972QGBteQvDheyx-7MWPiNjmzK9EcNUaGuz_SJvRAJ0Ecfjsl0Py06xPcLDadvmYv5ASvUjCjFNE3Y4-n38MXPmld_UwMuL6IbopvNAMs_7bhBnhK9dV53j0CcKS7-jCPr7MAeZxCFXrM6YAK1_d8M7aU--iRZhj9Sz-B8Dilzq0RJ31IfwScpjkr7pmKWHvgjVYkYpqL0CuQFBY9v_ROhIrbJAfH3zlY2Pa2Bk5IQB-11t5kAFdQ4eEuibmrISLerU5Fw68UbaVOyx_uzSJ0Ft_XQ6pH6CadIoM5wGFGKY9xyNBg7B43bUmNURKfi-LCIcEAir9zV8AFKXygfLLaTrlF1sfVi8a2QTWncL456bjlm7ZdoYfNvgkOsug==&xkcb=SoDU6_M3v1mfOoW9lR0ObzkdCdPP&camk=ethIe0s0hecWIuHJJDA9-w==&p=3&fvj=0&vjs=3
Senior Data Engineer,N/A,"15-16 Buckingham St, WC2N 6DU London, United Kingdom, London WC2N 6DU",N/A,N/A,"Benefits
Pulled from the full job description
Flexitime
Company pension
Private medical insurance
&nbsp;",https://uk.indeed.com/rc/clk?jk=389aa128e0d2a4b2&bb=aT7FrEkdmuEaiWzKfTuKqCr0bVbyMwizn8Mi7WlTNB7EqXK7De1qVuTSs4F_q8OudTY0o6CGYuxzEP4Svvm07-9CyDaa6wki7cyai_UzYaR2KiEixJ95LXshBgyXkMFLEahSXx3FveLDaLF3U7-A4Q%3D%3D&xkcb=SoBV67M3v1mUdz2tKx0BbzkdCdPP&fccid=4c3fbc3f0e35eed4&vjs=3
Senior Data Engineer,3.1,N/A,"£42,600 - £64,000 a year",- Permanent,"Benefits
Pulled from the full job description
Employee discount
Gym membership
Private medical insurance
Cycle to work scheme
Discounted gym membership
&nbsp;",https://uk.indeed.com/rc/clk?jk=400aa2d7c526dced&bb=WCU7MMS8xQqnvcShsuFb4CJMVjXEL8o5w_SwH5k75CnUxi2d_AWd0aY1n94o_XJ7p7jXNEgVWytWOzj8XTyKxwTTp2x3lbXrt4odeh662l-yFgZ-SlwcRUDHGDyps0HKCL23_jC0NFOVdnq-gI2C7w%3D%3D&xkcb=SoDz67M3v1mYh_xUrx0ObzkdCdPP&fccid=02d1e1b8b5cb6556&vjs=3
Senior Data Engineer,3.3,N/A,"£55,000 - £70,000 a year","- Permanent, Full-time","Benefits
Pulled from the full job description
Annual leave
Company pension
Private medical insurance
Cycle to work scheme
Season ticket loan
Tech scheme
&nbsp;",https://uk.indeed.com/rc/clk?jk=0f59ed1896a5d6c0&bb=aT7FrEkdmuEaiWzKfTuKqMVqgC30iI6TokL88O8jklhK6vOB_4VGh8Wu6pLRqMcgbJnLb6K5fnOlSfBsLAig5hm5_Y7mutI9hXdeOO3FdLRbACtBdQ3ADzGcuvFDYjDmkQ_eJJBqfpzud2EaKsL53w%3D%3D&xkcb=SoDb67M3v1mUdz2tKx0GbzkdCdPP&fccid=a369a50bd146d08d&vjs=3
Senior Data Engineer,3.2,N/A,Full-time,N/A,N/A,https://uk.indeed.com/rc/clk?jk=b15ab43eb4dec0d2&bb=o9moxNBqSkYmO1Z9G6wGUIOzrtRTnn9lXAc-IWBAQ0KnP3-JAl7iBFPDsCTkhYbWuD7XoZ8YVjcgi_Vd5v9Lrk-xHrKW5NgS-6vOIbIloZDRVzfH_6UPZP3Lfd2J_wQW2kXTr59iCe1X1W-MbtGoYA%3D%3D&xkcb=SoAO67M3v1mQIzQAlx0IbzkdCdPP&fccid=d0fb74e1d280c2b4&vjs=3
"ICT Shift Engineer, Data Centres",3.7,N/A,N/A,N/A,N/A,https://uk.indeed.com/rc/clk?jk=23c22a4600babea9&bb=o9moxNBqSkYmO1Z9G6wGUArIt8St7kg-_QdEnDb_SGBXLWNcMgNTCKScYG9nxXQYSQ0WDBCjn8Az8GKNPytPAdPDmLn_TLC5FEVfYSIjZMChOw48HfxOetD76x5Xiw-umD4o-_2_3qY%3D&xkcb=SoA067M3v1mQIzQAlx0ObzkdCdPP&fccid=9917de3c28f569f6&vjs=3
"Data Engineer - Azure, Databricks, ML/AI",3.5,N/A,Full-time,N/A,"Benefits
Pulled from the full job description
Gym membership
On-site gym
&nbsp;",https://uk.indeed.com/rc/clk?jk=5691ba31692f0b31&bb=aT7FrEkdmuEaiWzKfTuKqPGWoWYlq_tuMT820_SZgiHgFnO6wMTHJRh4q619adIRKkphowNEuwJacdjmAnEoBQOtDPuisamgKlts-VoisHRvwQOZ4Y8GQC4EAJxKklaOQQGAlGtaDLNVGHGVILERbg%3D%3D&xkcb=SoB867M3v1mUdz2tKx0DbzkdCdPP&fccid=caf727ee60579f19&vjs=3
SQL Developer,4.3,"Wellington Square, Oxford","£38,674 - £51,059 a year",- Full-time,N/A,https://uk.indeed.com/rc/clk?jk=17f1047b1ea5fdb7&bb=WCU7MMS8xQqnvcShsuFb4Ih7XH9BaJCEafPCW1bsC5Q7JLuhYJE9XQKalAg3QJeqZhWsBU-d9KKHU3Ir55A5hs8vMj1ExcJeGyxL2rOfKpSbt3xzV3htieEWGB3DJsyuUHE6bt8657w%3D&xkcb=SoAa67M3v1mYh_xUrx0BbzkdCdPP&fccid=3e8af96829591e84&vjs=3
Data Engineering Lead,3.9,N/A,Permanent,N/A,N/A,https://uk.indeed.com/rc/clk?jk=b4b9dfe240432ea7&bb=aT7FrEkdmuEaiWzKfTuKqATMBiiixCZps2ItvEZFnlNpkwrvPZq0iMR4N0dLI9E_rYaY0j7YHz_QwC4G_whQKYW7PKBjnuHbeQUomo_IfUvUXS8Wt1mP6j_gNx6WNy_JWcD5KRBn62DkXD2y1tYVLA%3D%3D&xkcb=SoBG67M3v1mUdz2tKx0FbzkdCdPP&fccid=057abf3fd357e717&vjs=3
SENIOR DATA ENGINEER,N/A,N/A,Up to £500 a day,- Fixed term contract,N/A,https://uk.indeed.com/rc/clk?jk=1f383b1e2a6fc7fc&bb=Z0X5Kzi6-zZGFf6eDzcLt9jzGv0mdj9WvDcERcY78NO1v8xzv1H7z9oFkUIlsLZrUh_lOwdocmAiqOtxu4U8_T1ziul4LtN6dZ40AOYSBuYknXFCYaucfLP0L9Pptdjrsiqc0ng6TZeWmG07ipKGtQ%3D%3D&xkcb=SoB667M3v1mi9JWtKx0MbzkdCdPP&fccid=f53fad3b59883186&vjs=3
Data Engineer - 1 year contract,3.3,N/A,Full-time,N/A,N/A,https://uk.indeed.com/rc/clk?jk=ae38e5c316b26bc4&bb=lvK1JsXCNS65GNsrrouG8dz1_9Wa_LEFDYhrTtniv7PhOPz1D-yk0AzotAACVJymHbMz_dKPYzttUGPKTsS7q1hmCBIgpkeza7YhDVBtVHfNMIDg9OZ3IxA0SncuThxSzG4JnkTqnR9W0qYsiWyQUQ%3D%3D&xkcb=SoAg67M3v1mc0zWtKx0HbzkdCdPP&fccid=c5aca6a2aeb9305f&vjs=3
Linux Engineer (Data Centre),N/A,N/A,"£60,000 - £80,000 a year",- Permanent,N/A,https://uk.indeed.com/rc/clk?jk=88c61be01da5bafb&bb=esH78P2Z9oOXO6RmCencefWG-9IyDq0SwLxRDS4OqigLEuIYXDPx1u6cVNozLiio64wHFfag1q2EihoUx1-R-f4EAADWBvfuPS44hhcI2RPsuC8GsMwHRRcDzrjNE41crQyxKN3mFdiXLTSjMmnIyQ%3D%3D&xkcb=SoD-67M3v1mrvv2OMx0KbzkdCdPP&fccid=c7414b794cb89c1c&vjs=3
Lead DevOps Engineer (Data),2.8,"1 London Wall, London",Full-time,N/A,"Benefits
Pulled from the full job description
Annual leave
Employee assistance programme
&nbsp;",https://uk.indeed.com/rc/clk?jk=e5b954788a9aa996&bb=Z0X5Kzi6-zZGFf6eDzcLt4jp0mGFpG_Pbp16-pI5LYmQfac52mEAXSz7rCK74k11n2uAJaEi2HUvxzsSeftdXOev6fRg-wA-QMU--0fUbvDuRW420FUwRliLs--Xu6oAwiZoA6Pqfl73YnN_YDKj-g%3D%3D&xkcb=SoAO67M3v1mi9JWtKx0AbzkdCdPP&fccid=bc08d699d841b541&vjs=3
Senior Analytics Engineer,5.0,N/A,Permanent,N/A,"Benefits
Pulled from the full job description
Private medical insurance
Work from home
&nbsp;",https://uk.indeed.com/rc/clk?jk=3c147149ee7d0214&bb=QbdEU-W9RcBWUEAxoOREtJYeKbyeuQ_6Kdgu-k9OF6sJdcUYct6odu66Vn66jmTaTdhAsGLeM3eQ4Rlf6CCEbbNSW86rb2aEzo775QQc1Bxsg3CV9jSN8XA73wBh4bmMUKWVrCVmO-5wLZj8BFd6vA%3D%3D&xkcb=SoDG67M3v1m-pVWtKx0LbzkdCdPP&fccid=795d0c1b7eea26f5&vjs=3
Senior C++ Developer Linux SQL - FinTech,4.4,N/A,"£90,000 - £120,000 a year","- Permanent, Full-time","Benefits
Pulled from the full job description
Company pension
Work from home
&nbsp;",https://uk.indeed.com/pagead/clk?mo=r&ad=-6NYlbfkN0DRYaumO8DkiEviMdHNU0dhg61MD-WHH-A_0sXPHkkGO2AvCIM86bFXMS5gMrwZ7gTUpgUUMhjzfjlW733kqaaTbEF44Wr1NGVrBhNM2SpEepPrOTiUkFu_m7RMJRIzXIjeUMeJkYp-sIjqIrQjwRDgK_8ZS7xXRCgCab5W6IER2bPYJvYMS4rSojBt56crIVtvSGvwy2BcG-h5-deitCF7EqRXG9AkFkMFTnejzhpvMr5khwUMbFNXGRXTS-K2mp71tGXY-i9dSj1P0lka2NGB6e-NCPcgfLgDeKxhF0Em63P1FiJ9jCQosMhO48sFTCnOFz9udeqJbQMteG2lYUM7MF7C5ixOQMAiSUe9sdS_m0GTtt96xTS6jFuOiJJgmvup7peKSHMKFXvgJG-9Huc0WoM3o3GLCD3z1lTYmccXBkCf4tyXXLxS7NWjY9IFbMXe-DwPt_YsFa24K2Lpdga0TNxh9gInIVJ-p1y1gvI_LHn75gcD4NqdWEOn7Re_lYgT0C-U__vHrdeGTfY32x1rKy9emKV_d0-LZgs9yvDTXdOKerH2cj1XW7pcBOmIAObECartMOAoOddtII8WxwRVJ_1WkRXjZpeTMdr7ayp5OledPDMm1lVcfjQ3VVW4V1eNWvPDjzGqPqADiIKEt6GPMRwPwS6Nv6eIZ-pIYi0J_euY8BuTgBQZYPECDmWyWHqzRT-cajsznKd5i9QaFp3EwO6a8sWMJYbeBV4RIbC6YVnOo2kKI98r7btf-r-8UVM=&xkcb=SoCJ6_M3v1mc0zWtKx0JbzkdCdPP&camk=H-lBaXMUocInpXbT9OGvvg==&p=2&fvj=0&vjs=3
Data Platform Engineer,N/A,N/A,Full-time,N/A,"Benefits
Pulled from the full job description
Annual leave
Company pension
Private medical insurance
Season ticket loan
Work from home
Company events
&nbsp;",https://uk.indeed.com/rc/clk?jk=1590125586e9b1cb&bb=esH78P2Z9oOXO6RmCenceXdb0wJj-q9kwomohGvE-qOvUgNG-7EebP7hJiQsMCYE8rQKAGPcp9pEAD9KNUtj1f5Dgft0FDH8Kn9ajJDDBSEL6HZpl0Wp0LwBXDIWdB7qCFGf3KNg9qWf57z27Y1a0A%3D%3D&xkcb=SoBj67M3v1mrvv2OMx0JbzkdCdPP&fccid=961b94f8b0e7e69c&vjs=3
Business Intelligence Engineer,N/A,N/A,"Permanent, Full-time",N/A,"Benefits
Pulled from the full job description
Employee assistance programme
Company pension
Cycle to work scheme
Company events
&nbsp;",https://uk.indeed.com/rc/clk?jk=8a10c23c00c3603f&bb=_lrqwYqWhEORmlFRVYmQxL8KICW28guzTobqmHeXMfWaCYUnEyg6gjxBp8KM1FDLVoY6HSmRaOusKKK-c0k7McgC7Agetn2vSoFXH2m1no-yHoC0b5RDpXKgS8o8fncp0Oq8TQ5AzGszC6rbf0iJ8w%3D%3D&xkcb=SoAf67M3v1mnFl2OMx0LbzkdCdPP&fccid=0d5f41f4b42e64ba&vjs=3
Data Platform Engineer,N/A,N/A,"£65,000 - £75,000 a year",- Permanent,N/A,https://uk.indeed.com/rc/clk?jk=3e6ec8479e076688&bb=_lrqwYqWhEORmlFRVYmQxA6OoOTp0VjC1VrspAyuJewrWPzHgV4QysH99ejKXLGRNSgCjNfa12TQPatNYQ1YuI1ailBaWILVT1IFpcSKle-znG1Gxo6kQOrMgPh8zKbK1zwZ7Fqy4IJ98fUe1IRnYg%3D%3D&xkcb=SoAM67M3v1mnFl2OMx0PbzkdCdPP&fccid=c7414b794cb89c1c&vjs=3
Senior Databricks Data Engineer,3.6,N/A,"£60,000 - £70,000 a year",- Full-time,"Benefits
Pulled from the full job description
Employee discount
Gym membership
Company pension
Private medical insurance
&nbsp;",https://uk.indeed.com/rc/clk?jk=03bde4f95a94d65a&bb=QbdEU-W9RcBWUEAxoOREtHcrmZHBF2E8WZBwaxKoZMslOsIbSTDPliymE9yHmPN4Toeo_6Dlb2yYbtbsOG_ORQVVR1_iu97rOCAMp3UEh9TPgmq9EtNW9JW-AlKFhtSYY8MAo3s2Th_x3obozbiMIw%3D%3D&xkcb=SoCy67M3v1m-pVWtKx0HbzkdCdPP&fccid=c3ee44b0ed2d7873&vjs=3
HPC Engineer (Data and Storage),N/A,N/A,"£60,000 - £75,000 a year",- Permanent,"Benefits
Pulled from the full job description
Work from home
&nbsp;",https://uk.indeed.com/rc/clk?jk=280a21ce00347057&bb=esH78P2Z9oOXO6RmCencecQaoHg8XJYifaQCf86gnOtvggBc5y_G_qVWljoJ29pLhn3PCR--ErjS20u1KSkeEBZrZSjjyzXb-arGMpxYIFwI8xx5Lq6e-Gbpc65hGJVuJtVd_9V2C88X3F7dmbQEmw%3D%3D&xkcb=SoBZ67M3v1mrvv2OMx0PbzkdCdPP&fccid=c7414b794cb89c1c&vjs=3
Data Cabling Engineer,3.0,N/A,£200 a day,- Temporary,N/A,https://uk.indeed.com/pagead/clk?mo=r&ad=-6NYlbfkN0AjCSgjiuMUvP2kA1zXjvdmw3qeZBNWw0lXM9DHkxeV72ibFg-J2dYlw0Fn4c_m0kiJt5SxeK3LfmxXBCtJHld1Bv9Zd8VfNR4U4CV54daBi_WD_BT3r7Yzrlny1tEkR4Ojj2XqLfJiBEwVofvY9wCCMSKzYLULr-cV-dHdcILl9WEUshHMdvw6mo935qBxgTwrou1SSfI1TV1O-qc1psGmgfaJgUAtAdmQf-Vbjis75kHs8sLBYhHVtTEhTHsi4RW4kn0C4Igp5XM2wweG24OS6HJIJFNDRImWgb-xwXCjekTeMnfPpcq3iqKpo8wymHM7_nKOLpP5GIMHlz3mhM1ge0J4RxaExwBn3L0QDFPOzks3GETQ3VLIRdEfqvRN8htsAkw03qhVKF2Pho-hfLFLqnyFlJ75vgY7Jxw2MP7bnJdQeWsp3wZ9ag7ABXS0FOIMkhzT6og-WHf3zpR_cMg7K7Q_-J59M3SJrJX4T7v3SI4hJMHqzrPvnYvItYOwr09LmuEueJGugjI4OmggudV8W13NvFW5aK81E6xgSteTjsFYCXtcb2BqTzUPo2mWjQ-pFaoIq8D4dRHCD-jaZcFDQpZyzdQZE_C0VFaf5cWa6e81JegxomEjbsZF2epeoGGZB6vZp87geBgyOAS0s8fMUdKLG_OnpKtmctcbfQQMKLoPrOcxnzw28ZIjLNz9sbQ=&xkcb=SoCg6_M3v1mc0zWtKx0LbzkdCdPP&camk=ethIe0s0hecGWOtg5jpfWg==&p=0&fvj=0&vjs=3
Fabric Data Engineer,3.6,N/A,Full-time,N/A,N/A,https://uk.indeed.com/rc/clk?jk=deeb84d9674519d4&bb=esH78P2Z9oOXO6RmCenceextYQ56PReC5DRybGdELYj8N5-lZYpnTqz8eHamhMgtXCTO77R3bcCKxl-lx2Q4JCkRhw71_0pZ1o5_qfTaefKf3IHViSI837Fh339JVZwFp7I-4YcBzk8UR0Is1mHdxw%3D%3D&xkcb=SoDt67M3v1mrvv2OMx0ObzkdCdPP&fccid=7e883e8ff0d69499&vjs=3
Data Engineer Contractor (Python / kdb+),N/A,N/A,Fixed term contract,N/A,N/A,https://uk.indeed.com/rc/clk?jk=085b65cc300c6106&bb=aT7FrEkdmuEaiWzKfTuKqAabSBabJOm2QZ6Pazy9lA1vSopJ4yGezItRl0awhZKoqwDSBdw565OrfaI675AuPHoZfP5XUoT8sZheW_nJYGLXa06gRY2iKi0K_M1QzYzLX_xPjafP0xHdikTRFxKv1w%3D%3D&xkcb=SoCG67M3v1mUdz2tKx0IbzkdCdPP&fccid=c1cf899437fb2a8f&vjs=3
Data Cabling Engineer (Cat 6/Cat 6A),N/A,N/A,"£38,000 - £44,000 a year","- Permanent, Full-time",N/A,https://uk.indeed.com/pagead/clk?mo=r&ad=-6NYlbfkN0DsMfrDOl34W-YkrWCXbPoEw2ZsiM0v3jCL6JemTex0YuxSQ4f35ePQnBQ48qf88VQDJ0-DiI_DyD9f86DqUsY6SQl_1LtsUjZYgRHr0kiXjy6H1RM0bZmrOT4Z4Znvvy0Eyx20QcrYz4lxLXcWCeu8xtROhwa1nr8EX4SK1mEkUqMPXbd_HN25q4MmeAMQYXJCTpjXN_DlIhJynXhIpWi9PAu9OpU-Tu67b-BiZEDak-xRfcXnWENbUu8VmwtV1ytMhRgSt4LnbKzTdbMrLVL3OKfjuxr2t6G8zlnw0rUgJRAlgXeKwFZTLn-Ey-Yot_GMfbnXWBFSXqO1JL7UreT7zZL1BHjeUFsVSCUPmIcUdw_rGlOu9ETo7HKnzT9jgXcGPJrCC5DC5zgTMhG5kKJvcGSzxgAesFdPu3kaLnp5yCmHfRrLmBfuUqDDZAIvSQ4dqGPSgM4boiqofRwP-aiFj8X5NOOvX9-vtaEL-LL57Yp-slquHikhE2MtiR7E_97wiGaJeiHEuWp8zk4uhqlAV-QAHEpXQr6I9pKu4Q2rIF9769X_7GxAcBPAoj_k-gys7KWTOeblmFgd7XZUI-a329Q09TFv3bJQ18PZP6aLWcslzEAq0ouKql1o1kIGod7vDH_v2L9OelogxMJe5_Ht0hN_vYqeyJSqCbmKYayh9Duo-2p1jcoyLESSTO5P9xjiwQVS8vhE6Q==&xkcb=SoDu6_M3v1mc0zWtKx0BbzkdCdPP&camk=ethIe0s0hedK0KDW5cEIDA==&p=10&fvj=0&vjs=3
Big Data Engineer,4.0,N/A,"£77,400 - £116,000 a year",- Full-time,"Benefits
Pulled from the full job description
Relocation assistance
&nbsp;",https://uk.indeed.com/rc/clk?jk=ff9f4cf09d6642ff&bb=_lrqwYqWhEORmlFRVYmQxOPb5Xofi0IuamqnOWeGjhIZ0SkaHbRvpen0JHCH-mq_sxpo5wPVJX-a0GqwlsNJarC_DV1RjM8Vlgu65KnMxsEGI3QxaimSuF0-0CbORhAS-tZuJBkr3m0%3D&xkcb=SoCC67M3v1mnFl2OMx0IbzkdCdPP&fccid=11619ce0d3c2c733&vjs=3
Data Center Project Manager Systems Engineer,4.0,N/A,Full-time,N/A,N/A,https://uk.indeed.com/rc/clk?jk=e6c01e0c2ddb19c7&bb=o9moxNBqSkYmO1Z9G6wGUHCxuKDxrEfPUWCinQRddhktcb8tm4_1HPVRGEGSDqC82o_mJlYTbXmCkNN_7XPjaDyAHcE4MOpO3Iyve3hfQZrXHQlF6fL4RkPemjEy5xXv7p6dqPvlEbE%3D&xkcb=SoCA67M3v1mQIzQAlx0PbzkdCdPP&fccid=f3b836e645f9b36d&vjs=3
Analytics Implementation Engineer,3.5,N/A,Full-time,N/A,"Benefits
Pulled from the full job description
Employee assistance programme
Private medical insurance
&nbsp;",https://uk.indeed.com/rc/clk?jk=cb2bbd9d6f848fe5&bb=Z0X5Kzi6-zZGFf6eDzcLt7s32iPNIp3pbpIIrhorImZ7wFvK6QoeWvhctvxA1pQwPBQg0HUKroR4p0itnKnpYw_meaPXfVNNieWKa_dazZ4U51ls9qCCwKLFgDsq1R1zmcQhhk0IFTY%3D&xkcb=SoD067M3v1mi9JWtKx0LbzkdCdPP&fccid=e7de5238ae83770d&vjs=3
Lead Data Engineer,3.9,"25 Bank Street, London E14 5JP",Full-time,N/A,N/A,https://uk.indeed.com/rc/clk?jk=8434577b7d2ec79e&bb=QbdEU-W9RcBWUEAxoOREtE3X2Dq5ApTSsuhY1zVeQFLZ6AFGcnueEpf_Hr6e2f6G2R3CCwjCFqgrH3QiS1yN9nH6JDjp8FcvLdocEDvABw1Pdx-qKrMWdO6pt5MFT80Oj9SwAzVQakc%3D&xkcb=SoCI67M3v1m-pVWtKx0BbzkdCdPP&fccid=c46d0116f6e69eae&vjs=3
Data Platform Engineer - Cyber Data Platform,3.5,N/A,Full-time,N/A,"Benefits
Pulled from the full job description
Employee assistance programme
Private medical insurance
&nbsp;",https://uk.indeed.com/rc/clk?jk=9fb4745c34688df0&bb=QbdEU-W9RcBWUEAxoOREtKTbxayknWyoq40bAdQ5n_n6rx7p3x674vDeao_SkR1N7YSJ_IdYPFiVTZMnK3eSwd2t2RnGKSlXRAO_d3WxPBhzk4lvFVEhyM3ZZcptjavw8QCPe4hiCQA%3D&xkcb=SoA867M3v1m-pVWtKx0AbzkdCdPP&fccid=e7de5238ae83770d&vjs=3
BI ENGINEER,N/A,N/A,"Part-time, Full-time",N/A,N/A,https://uk.indeed.com/rc/clk?jk=690fb2df64d04beb&bb=QbdEU-W9RcBWUEAxoOREtBmsO8VArPFoRrOTa7eg-uRWsINic3rREbSVOoSrltDhnTb0glHfDh_nmyPGqbaNbOLDT1gXxOEbVbCDH_BcCgZpmJx5QbVMSppyS5_f9AeQuoKwOVEAuR8lgzO53zYaRw%3D%3D&xkcb=SoCb67M3v1m-pVWtKx0FbzkdCdPP&fccid=794896f3906029cf&vjs=3
Qualified Commercial Data Engineer - Must have ECS or CSCS - Working in Schools and Offices,N/A,"Islington House 313-314, 3 Upper Street, London N1 2XQ",£180 - £220 a day,"- Temporary, Permanent, Part-time, Full-time",N/A,https://uk.indeed.com/pagead/clk?mo=r&ad=-6NYlbfkN0BtuwWlIwxlR7XW2-e4w8hB44y5rVa7gtNx6HbykpN4czD48fUPjBDITT9VxNGhSiIjVf1LTQce3IJqxS2j6Sx-VXihbt2p8YHQYwkbSBn8_l3THfSRHTZSAHw_f-j8BWzXdKSBtijnytOALwamLo7wFhAbxCUZ81MnCyQze8PF3TiYXdba_CrYbCe_8bb5y31vsSGncmfUQUOhbKC2i48rSUi3ZVaKsgaDk8Q8nxEyEpGC6-mfsNXV8IWeUQdfDztv30dwzLmMQ-bkm1b4WwhYKhe_ajUrgglIOg-hWIru6oFCH2Q_3l8SdS7ZuYTRMZelYgv4kEOMWPloUhYkUTymhaBgu5oiAeEY_cp0iPcnxeMvKwIsuo2gyVyVhRHntq5mipDC39a8fgIuRv1U4egKiYRqET9_J6-nt-RhXVmDGh0yhC2bAACQgtp0vZYQ-1E-uwCitZtL7ExrQsJGUPgTsVZNt6qAveAsZGSN369_iA5GMUJVXfQJknFCPxyZLrbn55SJPyKXXsL0N80q6WnOa3ePvzN9rljB2DLJV-jBrjOW1Kv_LZU1kl2TfEQpPCAtgR-E0ozHRpTyrTcDhBv26ncmDv0ts0YXYAKlWjNyJO3wG-380Bsw8Hf-golbEu_5r6AhkI-ZxHwsGKyJ7d-58SAUfxYHVZiC-6h0Tpdr-IY16vvPlEAC4PcgPaQLnkJmrY4NNgpAOYWsnJ7i2V87q7eXd22v7A3e-RaUndAmwUrbjxQVd4q2c5u5Zt9rpTSNMajAienm-w==&xkcb=SoA96_M3v1mfOoW9lR0BbzkdCdPP&camk=CPChkbYSGj-rT6Ux8EyGcA==&p=8&fvj=0&vjs=3
Trading Data Engineer,3.6,N/A,Full-time,N/A,N/A,https://uk.indeed.com/rc/clk?jk=5439e7c848dbdfc4&bb=_lrqwYqWhEORmlFRVYmQxFuYzRJ-oDwnwJJLMGMKQn0QVfPCFo8k0w4tLI4fc0NKtwKgZMQGCeTzo4bGV2gL1cMaXJujOfK5QniyqH8RHeA8o-g9HIINO1PratkSCJNlOPWsqK7ZwTP3S31gLngDsg%3D%3D&xkcb=SoCR67M3v1mnFl2OMx0MbzkdCdPP&fccid=94f2a41501d80d3d&vjs=3
Azure Data Engineer,3.4,"29-35 West Ham Lane, London","£48,000 - £65,000 a year","- Permanent, Fixed term contract","Benefits
Pulled from the full job description
Annual leave
Company pension
&nbsp;",https://uk.indeed.com/rc/clk?jk=74fc2eda80fe2eb1&bb=lvK1JsXCNS65GNsrrouG8ZxYQlK5rFSjrY-VqVJOSZVFg5adbsFyKo-i2GPZA11zgnulp2Y4eLSTWTXO3wnuju4GLndpG6h4WXilrDxRKXtBfBEvLQbk1zgPVzxxdSna0DSy-PovxaGDGHRh_eLURg%3D%3D&xkcb=SoDa67M3v1mc0zWtKx0MbzkdCdPP&fccid=e73dae39b224d824&vjs=3
Treasury Data Engineer,3.7,N/A,Full-time,N/A,N/A,https://uk.indeed.com/rc/clk?jk=059752e1c5eaa106&bb=QbdEU-W9RcBWUEAxoOREtFgnPbnC0EiWAYiG7QA7WnbEHNyt_qM5k3HQXr5VQed9Solw7bS5KdPfBXuf8EUhCPWs7dL99IIG2g6_rISw686xruProjyoZj-PFZXKnUPrueARgIR7Mls6czafDlYoLQ%3D%3D&xkcb=SoD867M3v1m-pVWtKx0NbzkdCdPP&fccid=0140e51652b12787&vjs=3
Data Engineer,3.7,N/A,"£47,500.00 - £71,557.50 a year",- Full-time,"Benefits
Pulled from the full job description
Annual leave
Company pension
Private medical insurance
Cycle to work scheme
Work from home
&nbsp;",https://uk.indeed.com/rc/clk?jk=ba8c301f1c08bbaf&bb=lvK1JsXCNS65GNsrrouG8YlM7GTwlW7LnRuyqhcT9UrVWnBzpeAxHe1AIO3dyHhdEpfu-xN268JsR1VwAOxYGM05dMlV1UZSANfoIL8uXjB5-3CDr53LX73BfqhvU0phapsUIOUpXoDJIqj1a4gYDg%3D%3D&xkcb=SoCU67M3v1mc0zWtKx0GbzkdCdPP&fccid=8765a4045377753a&vjs=3
Analytics Engineer,3.7,N/A,N/A,N/A,"Benefits
Pulled from the full job description
Employee discount
Company pension
Paid volunteer time
Private medical insurance
Cycle to work scheme
Discounted gym membership
&nbsp;",https://uk.indeed.com/rc/clk?jk=fc6efcab781b5a54&bb=esH78P2Z9oOXO6RmCenceaI7dqvOVizCKGtJo9piWtIadd6Mw3WCAs6btRZ4N79HOnekLZejCd4TnLzmxG-MKtFb2zZCfjvJu5qaw6YbM60HBOmhlJlQuvsmgJv_9-Hi-MKjXClFRyESpCXL1Z7t9w%3D%3D&xkcb=SoCw67M3v1mrvv2OMx0AbzkdCdPP&fccid=4f2893bccebbf347&vjs=3
Lead Data Engineer,3.7,N/A,Full-time,N/A,"Benefits
Pulled from the full job description
Paid volunteer time
&nbsp;",https://uk.indeed.com/rc/clk?jk=e80141176a59131a&bb=_lrqwYqWhEORmlFRVYmQxCaN6doSmwKaiA5dJsZdUhvDM6KTIMFKTT-cRMIWTPnKHaF6R0UvO-wOdWwFr1eNqlOejL4-WZFz8e06q8LVcykpPs8Eh99jUsu4cHN9n0QvHyXHW-YSIkDyEFdKsSi8eQ%3D%3D&xkcb=SoBC67M3v1mnFl2OMx0FbzkdCdPP&fccid=2d181105260f6454&vjs=3
Senior Data Engineer,2.6,N/A,Permanent,N/A,"Benefits
Pulled from the full job description
Referral programme
Annual leave
Sick pay
Employee assistance programme
Company pension
Health & wellbeing programme
Cycle to work scheme
Show more
&nbsp;",https://uk.indeed.com/rc/clk?jk=26c72e6a8bfb888c&bb=o9moxNBqSkYmO1Z9G6wGUA3oF_emy9IT6mD7KdA0jxj0b_U5K160gctoVdAx27tdRhgOMm3b9-J5uLAqe7rL21icSpK7x4sg-KpMPCa5nDKKdKN5Q-bDMaDozHfzfj-fHr5FcEJLmQhLmTMPV0t2dA%3D%3D&xkcb=SoDO67M3v1mQIzQAlx0FbzkdCdPP&fccid=40e52aa9e24bbce6&vjs=3
Senior Data Engineer,N/A,N/A,"£70,000 - £90,000 a year",- Full-time,N/A,https://uk.indeed.com/rc/clk?jk=61007360a0bb4a62&bb=Z0X5Kzi6-zZGFf6eDzcLt6ataaAWwDCSAkWZlzMDIlc_2mIh3UjW57TrRBm77vNnTfO3bkjKNOGJvpi-JTBT4uWdKeui5hBcb9iuZ1xAROsEywA0Cvwk7-UGqGYwjyFueHl97gDgQV0wp93ZclPmVQ%3D%3D&xkcb=SoAn67M3v1mi9JWtKx0CbzkdCdPP&fccid=543a86ae00e1d04b&vjs=3
Technical Platform Lead,3.2,N/A,"Permanent, Full-time",N/A,N/A,https://uk.indeed.com/pagead/clk?mo=r&ad=-6NYlbfkN0BIk2V4IIRgUeeu5MdxyC9eZ9hKkRFfFyEu8IPNxQxUrAYiiQpuF4CEOV5PzxOm63-TK-n8K9tdaZEpxyNwzLiqkXF1P165Qp--d4QfBBhWPMj0b34v-R4dM50_vPWFSz9xHd9QSdECg1Jwbgoa5EFIEkJ0ApfCMB2-DtJFTaM0lU_Qq4JgQXf-Lxn1Z_aonMtrx3g5j2_O4NUIlcn69QBOZ13K64BbFr18rJvj_0WpDKgFjOhKIH6ZSXkHFwWJDEX9_oLUM0hJ-Ah4cOf4AU4zQLI5_kuTYB0NvhrrwZvt-_4u5Xz-O-_VmuvInZR0-oIjvpM9UheYdC3HO_oKp0FccpeW-gpR6KKedfII0AumJbrF5XTyPnk4bXK_s70zD-bxfylct91gH0zuwIgH0odLXp0LB8N0BC93-NSU-i5eNnHFoy6SBW7P-LPmuimJPkr3sEv6SJnE74q8X-iLPLVSX49H4GX_i8uMaKGANiOfi75_R4-UCJMxqGuIC6NbmVjCEIOOUSYT95qrU8S5tU4TwW32Dp50uf5IpNCq50KilzQBjG0TNk_oGiz_Hkuea9zKQu9gJWgbUxGNwrTFTWWSfa_pO9P-XM14quVnrrEel7_qxKrjyOpywlb5DKFWMSNVdcCm4UkPEaSRFK9zeI_asaCTYZI9JSkrJePfQScu2ptEl_MYijZioLHJgZbxB4tC8SkmnVoDtP-GruU_YTrognD_eAA_h3_CSKm2rxUpl4hyqOJr7axxUaviUWNO8f3RWviabb7kABQIMFsCl4vyqi0odCog4boZdkCAvyvx4E9AIqCPlUaULS91iydQwfssOdH6D9oOrYhSGqVbqxqbvHdwbfwL_yq-je1Ivm62kXVk6LXxdWXTV3-CV2t8lN1pSPsNXZNFc_xhAzmHOUtqREIfWDm-_kc=&xkcb=SoCz6_M3v1mfOoW9lR0GbzkdCdPP&camk=H-lBaXMUocLcEVIE6bexeA==&p=11&fvj=0&vjs=3
"Software Engineer - C++, Python, Perl, MS SQL Server - Hybrid",3.8,N/A,Full-time,N/A,N/A,https://uk.indeed.com/rc/clk?jk=712b2e4068c84732&bb=o9moxNBqSkYmO1Z9G6wGUL3QqJCTFma0BRCbmZHUIb6GvDmVz6MNuzb9We34iPWVzQRZiWGU2IlLj-Q_8pX2vc4pAJdP6fxs9Jzo1vcIb7blTw0q85N-lg5a5caknkjNY_q50kDYAUw%3D&xkcb=SoCp67M3v1mQIzQAlx0NbzkdCdPP&fccid=7ca19d158e5b580d&vjs=3
Lead Data Engineer,4.3,N/A,"£59,586 - £70,011 a year","- Permanent, Part-time, Full-time","Benefits
Pulled from the full job description
Childcare
Company pension
&nbsp;",https://uk.indeed.com/rc/clk?jk=49d156368222b9ea&bb=WCU7MMS8xQqnvcShsuFb4HSLk8WymzMeGDO2Jnw4HZFaPpRKkFP03MaUeNwrUGpq_RnxBuaz9IaAeTAl6_3O32sQ_a2qJd8-yxKStH_w6jhanLgZktUawA3BrsFHDSwB2Ds2lauZ0IF16txny-iqEg%3D%3D&xkcb=SoDg67M3v1mYh_xUrx0KbzkdCdPP&fccid=013bca1b1d770275&vjs=3
Senior Data Engineer,N/A,N/A,"£62,000 a year","- Permanent, Full-time","Benefits
Pulled from the full job description
Flexitime
Employee mentoring programme
Financial planning services
Annual leave
Sick pay
Employee assistance programme
Company pension
Show more
&nbsp;",https://uk.indeed.com/rc/clk?jk=9a69e08b32dfd2b7&bb=WCU7MMS8xQqnvcShsuFb4G0h06VcKZ_5_zDnsjGu-Gaz-ffD_ZCO8IQkw0bp3uPqcGRbnzChdDJ0RrpAOIM14y_r4F-bY7Hii-w5D-VPTGOufc5cQNNuvzD7WOz90kCoFMz8DaJer33OV_N48JMzzw%3D%3D&xkcb=SoBH67M3v1mYh_xUrx0PbzkdCdPP&fccid=dd616958bd9ddc12&cmp=Money-and-Pensions-Service&ti=Data+Engineer&vjs=3
Lead Software Data Engineer,N/A,N/A,"£80,000 - £120,000 a year",- Permanent,N/A,https://uk.indeed.com/rc/clk?jk=bcdcbea923bc941c&bb=o9moxNBqSkYmO1Z9G6wGUPnYtDPztgjOaDLpR_drFgXqSsTErYw8JUgDxARs6HeUkThGEoNAkZQc-Qlz6bYFtwHxSUOFpCTOwTe3en-Iw_h3jM-Tx5Ximh18LWN9cXCszuaXuQbBWv05wsOXh0cL4Q%3D%3D&xkcb=SoBp67M3v1mQIzQAlx0AbzkdCdPP&fccid=c7414b794cb89c1c&vjs=3
Lead Data Engineer,3.8,N/A,Permanent,N/A,"Benefits
Pulled from the full job description
Company pension
Discounted gym membership
&nbsp;",https://uk.indeed.com/rc/clk?jk=44847819f717ac1c&bb=QbdEU-W9RcBWUEAxoOREtPDY-Elxd1ylj-jmpzUrOF-A4A_XyNHCpgtYIgUnPtc1UqyLCFD7qYQL9GtLT6hWteHhDkC7FcasRmlCwArZLujkvbQFhN0w_JUwACzhvLLIA72IgtwUovvyn5Gc-1PabA%3D%3D&xkcb=SoDv67M3v1m-pVWtKx0JbzkdCdPP&fccid=112864d5ad060d4c&vjs=3
Data Engineering Lead,3.9,N/A,Permanent,N/A,N/A,https://uk.indeed.com/rc/clk?jk=b4b9dfe240432ea7&bb=o9moxNBqSkYmO1Z9G6wGUF2XXodTKzSkz8jCyQG69NomWVO_3OCeeUlIB2czeuA37DMpcIDz5ZvQ-tAuywFbPG2Zme5Fd8GYco_vMKiRd6piPMQn83Vv2vSEXF_CnVlThbj5vGqxZrL_N6fl3qdHlg%3D%3D&xkcb=SoC667M3v1mQIzQAlx0JbzkdCdPP&fccid=057abf3fd357e717&vjs=3
"Senior AI Engineer / Data Scientist - AI RegTech, SC Ventures",4.1,N/A,Fixed term contract,N/A,"Benefits
Pulled from the full job description
Annual leave
Sabbatical
Life insurance
Paid volunteer time
Flexible schedule
&nbsp;",https://uk.indeed.com/rc/clk?jk=4aedbe43ee09b9df&bb=_lrqwYqWhEORmlFRVYmQxEqQFuz7W3l4zYxyYghFVkeKb8u2ZwZQ1Gci2QMTtiq9JJ6PoNYtmEJuqsquHOaaOWq9Z5EEQNU5jEQgiAbTLCZRrJHzxpK-UDkLYT6KlUxlFbt3_JCLJe8_ElJJhylqkg%3D%3D&xkcb=SoDf67M3v1mnFl2OMx0GbzkdCdPP&fccid=5249cd8e17163cb5&vjs=3
Python Data Engineer,3.5,N/A,N/A,N/A,"Benefits
Pulled from the full job description
Company pension
&nbsp;",https://uk.indeed.com/rc/clk?jk=74f251d378880c9f&bb=esH78P2Z9oOXO6RmCenceb7C7NS-lz3aRzeOuWtGRYYDOpqWhlgKB7PyqyUaUAhM48PmLWeKp9Ka82Ss_K1u_5NyJ5whlHYR8fOE57wvmuQcCx7NsprkI5TQFkYCg442v_nFTx6A9NypJx3SX3C_TA%3D%3D&xkcb=SoAt67M3v1mrvv2OMx0DbzkdCdPP&fccid=ef9916824240c800&vjs=3
Engineer - Mortgages Data and Insights,N/A,N/A,"£55,000 - £65,000 a year",- Permanent,"Benefits
Pulled from the full job description
Company pension
Paid volunteer time
&nbsp;",https://uk.indeed.com/rc/clk?jk=d512be2407b00c90&bb=_lrqwYqWhEORmlFRVYmQxBEeIrLZ_Nl4O-2QLcq2_KjiEWzK5pdSV0XGiv2dFpd3dDEJogDZ95oorOgKo6k8ZAtmlAwYiMDB6vlarD9BIw_cXEr47BKr0XF4XPqdL4LxJmLDqehp_ag%3D&xkcb=SoAl67M3v1mnFl2OMx0NbzkdCdPP&fccid=90b12d7e646290b7&vjs=3
ArcSight Data Engineer (DV Security Clearance),3.6,N/A,Full-time,N/A,"Benefits
Pulled from the full job description
Company pension
&nbsp;",https://uk.indeed.com/pagead/clk?mo=r&ad=-6NYlbfkN0AwNYbbrIiFUY_bK9miBApsy6K8R1m3kdl51aZE2TVIF5vLWaDbaebgOrHBe9mKicpl9BkSxpTpxUMyuCKkbnRkLyXXNoPaG4Wj9B7uCRh2t5FilDjX80-dMFD2tq-Td0MbbkXqPsvkgatGafjagrPVmsWNJgJWDY7YpCVG6GgDdHduobBfT5uZbpdWUSWfaXLuj8_Q-rav0_SeEbZPQVrvf6VJJDdiQtfl2TS3xHJnaNYQTZueVf8WkelpfE2TEYbXj9SuZNpd-Iu-1MBfPjJK_gm4NlNU8dZRm7mMGXAobODOSXJJBCvhB7jTAcMhOqGMWcAjBo-7Eisbv9Bwr9QcRliwkGNabkYWWsxlsUR9xIc23V19gr5fWiwYFYzr_Lqe1H_6wKAaTDmCiJPBAjysGbxFdD6bhuGyC69BeI8BkBc9Dyx-jmqQDtMhqIDPBb-TQoAaR2LscQAjJunZgGeWTYGtaQuDRVjupbUO7Ce3t6upQjPrxz8973RlX9AlB3UNnazo2t30SD-llpbfzrCLU1-eUPW-8AfDD_yRt9_QqfrDaVASFiAJD7PxEexfdFHYeUArl9Fcw7Sb_VgOj-Cd9AZd9nPhvKrUS5jTs5onX8gcCEyv-tORKTxMBuS628HmHeayjwE7L7SoE4RTErPKzsjrlghwaUaDKPLlPLiA4CBAjRhwzQw967DZUcUQhgN5WtFUDblpifkGN-HY7xO8R_KYjJKwYh2H2lO3iBqzubI2q7f10UsDBtNGPzLiD0F-_j_3xGkU2g==&xkcb=SoAU6_M3v1mfOoW9lR0DbzkdCdPP&camk=ethIe0s0hefTUQPWyuGy2Q==&p=6&fvj=0&vjs=3
Lead – Data Integration Services (106588-0625),4.0,"6 Lord Bhattacharyya Way, Coventry","£57,422 - £66,537 a year",- Fixed term contract,N/A,https://uk.indeed.com/rc/clk?jk=682aa8f38ff9604c&bb=Z0X5Kzi6-zZGFf6eDzcLt3n5mBGIwV7Eq3oF8hXTdjlCkneAGQAW9ZnrjUnc5-CeRXwG17bvHkzIo02nFJKQ9-XEeRM6NQ_Pa-Kv266HtViaqKCuLs9cft7bjOGndKB1Y1EekJmRrWgKcCL4krjGdg%3D%3D&xkcb=SoBA67M3v1mi9JWtKx0KbzkdCdPP&fccid=69bbf7b154245dc7&vjs=3
Data Centre - Shift Engineer,2.9,N/A,"Permanent, Full-time",N/A,N/A,https://uk.indeed.com/rc/clk?jk=f3b85cc2d161cd92&bb=aT7FrEkdmuEaiWzKfTuKqJAb5EGAA1gEAaboGPnulTcHuceupPF5972bLKM0yeRx-ez6OKXRDJjYnR9UOu2LmhVidRHjpvcdPAXjVHqikkwtcowk5REhDeGmVB7sVBiPHUD1MMLIJqsJYtppoYdLpA%3D%3D&xkcb=SoAI67M3v1mUdz2tKx0PbzkdCdPP&fccid=2b7983d6b65c6b71&vjs=3
Data Engineer - Customer,3.2,N/A,Full-time,N/A,"Benefits
Pulled from the full job description
Company pension
Canteen
&nbsp;",https://uk.indeed.com/rc/clk?jk=ebffce81813eb289&bb=aT7FrEkdmuEaiWzKfTuKqCr0bVbyMwiztrded-jeoDfq-e6l9b9d3HPFMnIx0o0KQ7RCIrtIDYZLkOGwr6rhZIz-MF_cBwhlvhX3zzlo4i6sVPm2VEBeNOc3K_XFH-MPa5kl4227m23tsnsmL9HuAA%3D%3D&xkcb=SoAh67M3v1mUdz2tKx0NbzkdCdPP&fccid=d22cca721ca4be2e&vjs=3
Principal Data & AI Engineer,3.4,N/A,N/A,N/A,"Benefits
Pulled from the full job description
Private medical insurance
&nbsp;",https://uk.indeed.com/rc/clk?jk=3414131930ed298c&bb=_lrqwYqWhEORmlFRVYmQxAeFWi5oZUgV2X1j_d38gA0tK_ZGdAUJY03yqtZNp5LCheAu36jC9UWyi8oMVVTXFU7HnvzoKNOVlTa9IAD_YH4Viu-qgC035dspnIJMdzgAwcuukylbTKUl6zf8ZXMxww%3D%3D&xkcb=SoCr67M3v1mnFl2OMx0KbzkdCdPP&fccid=0bff980a3db86a58&vjs=3
Technical Data Engineer,4.0,N/A,Full-time,N/A,"Benefits
Pulled from the full job description
Private medical insurance
&nbsp;",https://uk.indeed.com/rc/clk?jk=45efd57d96b46fef&bb=lvK1JsXCNS65GNsrrouG8ac0KoYdEeIg6DiC74be7lurnsRnsesENoYzdXECZzV7V8OD3mrufXwu-8EbQBvfkm-_ckpmOXASz5yaZzpugJPTkNw970UTjjZnX-fasye5BpL-p-AhxNc%3D&xkcb=SoBH67M3v1mc0zWtKx0PbzkdCdPP&fccid=a4e4e2eaf26690c9&vjs=3
Data Engineer,3.1,"Redditch Ringway, Redditch","Up to £65,000 a year",- Full-time,"Benefits
Pulled from the full job description
Annual leave
Employee discount
Company pension
&nbsp;",https://uk.indeed.com/rc/clk?jk=f46bacb5d4794485&bb=aT7FrEkdmuEaiWzKfTuKqENAt-7ADwRafmZv8w0DtIHc_xg-j6NCsAe4zSYhCVGxtK39Hdy6rp9P5QX7vTA1jXvIQNATDmvmCd_E0AMk2AHLEjMrT9PdurJWbd_8yW5XMGtIJ6RKMBph4fCxFwc2AQ%3D%3D&xkcb=SoAy67M3v1mUdz2tKx0JbzkdCdPP&fccid=0b8ac05c7cda03b4&vjs=3
"Day Engineer, Data Centre Operartions",3.7,N/A,N/A,N/A,"Benefits
Pulled from the full job description
Annual leave
&nbsp;",https://uk.indeed.com/rc/clk?jk=03fe23c0a1853d22&bb=lvK1JsXCNS65GNsrrouG8d2MxufPGiLHybUbVXK61agBNpi-go7BcYI7y2nPa8jrQrK69kSrLDmob1oPO12M2sGuK--XaNSKuQP24qEXNck3B-GADPJiVqHKBYviXfRF8fYKwM8ekIo%3D&xkcb=SoDJ67M3v1mc0zWtKx0IbzkdCdPP&fccid=9917de3c28f569f6&vjs=3
Senior/Data Acquisition Software Engineer,3.5,N/A,"£40,306 - £65,675 a year","- Permanent, Full-time","Benefits
Pulled from the full job description
Annual leave
Company pension
Flexible schedule
&nbsp;",https://uk.indeed.com/pagead/clk?mo=r&ad=-6NYlbfkN0AauKPE4iDoVO1Z55iKvzYQcjUSnQ7K44hZxMdonsogPwevCGZto2DMt4dNoS9MSqJeyGPTJfBtHlMOkr-nWZLedXVsLU31k10IIxqCXTIm2FwTmmK05l59NlLa5_u5E0UK6eVE_3oGaicnlTh9SnQehzJIYt_0a6ST0rRpmDwAf37BUkhfB9LIq8lNticft5_AwGQmSJb0enRfbZFpCBo4IiuXzizp0BCJHeI6c1o7-M4pIevuATXcGgW4dJuj6vl5lRrJTQplt73CZDVbZZlm5NiipXwZqkkSX-Ng4fV2zGYaQ4YPyPj6rwkVt1G5Js-FaP_5TJqnCVB1Cn7-7tgFwiMa-08CSU8AYrguolLGFSC_oi5vRcRfIbO4OvVrjgVxoFHDuwIBU3CjMex4iiLzWuDBXMMycfzENOzCb0B3x9mOfy0H_g1HYzJGNhs_o-wbz6hSCCGutX4DfmTT4nPPtoi6Ref59jY3K4SDfQBkXjp0KiGtsp9CrGmNKJz8DOdC7wUdzRYNw38j2gvGysqlp3t9Tsb5kQ3EKOBm3QODR64TYU0jR90YFLcKUm5iA5olZ4DNpHuXZij7GXivK7vzE95r9uahyVt7M0eFhPERS7vUNLMv7qu1x570I3gKabA_mRqWqZpamS0zAlViVdwBwTz7OyzSYYwM7B6JBJA67w==&xkcb=SoBg6_M3v1mfOoW9lR0PbzkdCdPP&camk=ethIe0s0heeCsSiHfO7lXQ==&p=2&fvj=0&vjs=3
Data Engineer,3.8,N/A,"Permanent, Full-time",N/A,"Benefits
Pulled from the full job description
Annual leave
Employee assistance programme
Paid volunteer time
&nbsp;",https://uk.indeed.com/rc/clk?jk=fbc3394c20d24849&bb=WCU7MMS8xQqnvcShsuFb4LDihHeWNNMGQ0OfMVzZPXXj1BJE4_EnaFmGLnLosPkFxTG1bv2BjjyxPOmaD3bnDJwvZ1Y04Eww2UdIcAyk7jIMm02wDwuklBMDsqE6-U-p53YBxfcTg60G8KtWxrfZDw%3D%3D&xkcb=SoDJ67M3v1mYh_xUrx0IbzkdCdPP&fccid=c4fbc8d763b3f3b5&vjs=3
Market Data Engineer,3.8,N/A,N/A,N/A,N/A,https://uk.indeed.com/rc/clk?jk=35cc7498966f5efd&bb=esH78P2Z9oOXO6RmCencef1zDyQoBf3VQtXJvtkQyOUl6OJZGL-U9Nb1XC5NlvjE00rB-tAJMhkcOzXvuRzgZH1cvcjLblVCiHsBgoCDZ2AqPRdfhMPKrQ3cbGthDEUvBVM_ioYroosvIDywucnB8A%3D%3D&xkcb=SoCZ67M3v1mrvv2OMx0CbzkdCdPP&fccid=548e0909717a6ddf&vjs=3
Senior Data Engineer,3.6,N/A,"£50,100 - £60,000 a year",N/A,"Benefits
Pulled from the full job description
Company pension
&nbsp;",https://uk.indeed.com/rc/clk?jk=8ef258bd77964b1a&bb=esH78P2Z9oOXO6RmCenceSlCIuw7b3A4qwNDb3A1IcKG9zgv3oZ-AbWb7Lo6Op_BXK7uttuhklBl_onIL_zuYpfod7yGZfY7FfNvydplcbrhmFyoPp0kn1BI7DgFF0owZMBLtxh1xU8OkweEDc7eDg%3D%3D&xkcb=SoAX67M3v1mrvv2OMx0FbzkdCdPP&fccid=2cdda4b7d766b1a4&vjs=3
Global IT Quality Engineer Senior Specialist – Data Layer,4.2,N/A,Full-time,N/A,N/A,https://uk.indeed.com/pagead/clk?mo=r&ad=-6NYlbfkN0Ad1FFWZOsBBwBZDGouyCcICeLSd3pQct3wJ1q5dPO7JPDrNwAoIXVvKld1FDN47mwA_NLsYZj60q60Nz7gLp93izfy6bUQ_IcKFtqvvccmu_Mb4drMOcX4vTqObFcBe_q9Y-7GDN0oQ-wNDIeWnVcCKVvTT6fGWmewnSiPpKrSWe8vSWPLPt31_M1eVgqheMrWk8VLibAbGolw3SQxnzLdjRZdUNCvaHdFiZ8rJ5hroE-MSOnB1A_LHJN4eehZDiTX5bHjzgsfcjTH95tMb-nQlC9twrxeuG-lbyAlX72P1mbvBMxmeZz3qVi9wYLERBDWvLSPQ920Sa8mB5_IHD7apjOc9ziRKoKQAtHZlfK51z94BUJcOZQjiyTh74yjsV8x3UsPIhemG9YCUzKmfp1r-_zVQ0IoS8tdCcBFlcOgazM9bVBbfM61kWimx1xImip-HwyJaWAWGqyZSE5EyRAOMUyhQSckOnltc2TAqZz7K8uyXJLFCEKh5wf5oAQxV7U7z5s87bkw2Gp9ULGncF-kKjS8fiDa610PYxyAFHqsk6YjYXGdJUkZvkOFtKGFL7YHbqNyo9oQLIEtBkWLP92hQJLH5mxphbjAya9vsmlTR2fdD3NzyswbkjAhygaWd34s9vcjVbOpv6iarr4p10vfBt_FLsxuOZDtIo7pOTU5Wgtjqq9MVtS_mTO8YBFVP1Tt75kCst0gI3Pk1q-Es7-qg6VVurBvNUkEQzmUcO36w4m64qc00WnzKcqUunIVu1G9ReJJSFZs4bj7NEygiqaP1s4tn-KN-IdRLUKwX6MTyf8a7Nbws0ry4YBoDGgmCuN1CdhwrnFxXa0s7PDvLe9E7xAcejMmYDncsZR3gvI1lfv6Tbz-ZVnwTOY6IW5iYAYcbaD8q_85MzVFsBjXDyUnw-VrV3RZ_R4YDkEj1p3GLhiA1XtwziboDXA-Ot2ofgnv8H2J1K9LzMuRr9GlYqLvMTZTZUPlztxHYkg2jVf4_aZd-m4poWQmdrjq0el-fLr0Az2PGGNQt57cyXvB5IcinhPW882gmFMfCbdTyuvfi4ZrpbOYw9HFRGV_QXyXjsmQuQdI6b-Dm296uT7r5qYrHGoPxc5DC5IRyTsIacA7jgnNfBNgq9mV1e0tO3pvxjDDeYIHY2gfpcUSLhTFtdbLbb5po_-CxWVbSrZ8p7ciM-BlI6G9FnVwYDb_4z3W4l-sjhnGweohHXsk2cU4bRf8Pm-F19JuGw-ox0FfpFHRW_NEig6GZgzGKKzEjmBguAs27tpxOC5AjqA7fcPLxm91nEaGuFCAp1mLYlKqbVZMeRDjET3PMi8PyDYyX46ag1ou4d-lDekIMBHUfXcQtQqua1I4Wg3xY_lYZ23YMgzHo1RzbhDZdCxbM-x1TEVbjEcD5p_gFruC1GE6C9JFjB-CjoMW3ng5mgsKIMAA6uujd57pmmvyMnuMXVX7MgxUi_a7xkXzcFb94rmP4hKNQdYcI14IM0BZTgt8nkoBkyualw==&xkcb=SoCJ6_M3v1mfOoW9lR0AbzkdCdPP&camk=ethIe0s0hef4low7S7eO_w==&p=9&fvj=0&vjs=3
GIS Developer,3.5,N/A,Full-time,N/A,"Benefits
Pulled from the full job description
Life insurance
&nbsp;",https://uk.indeed.com/rc/clk?jk=92fb8e45418c36d4&bb=Z0X5Kzi6-zZGFf6eDzcLt7WrzzOQvCk0DDQGuJx3rIERbZtvu6AQhMYS7TizrK7czTGVWmttyg57lyOIYX_7sdnsfGfbZpq7txH6-bnwKgvDOcsoeBo0pL9R1MVZTCbNC1hCQjIFs2I2blbjBeQT0Q%3D%3D&xkcb=SoBT67M3v1mi9JWtKx0ObzkdCdPP&fccid=d621f9a5603cfedd&vjs=3
Senior Data Integration Engineer,3.4,N/A,N/A,N/A,"Benefits
Pulled from the full job description
Private medical insurance
&nbsp;",https://uk.indeed.com/rc/clk?jk=d81119bf0b37cf38&bb=WCU7MMS8xQqnvcShsuFb4PJ1uUyZzBoliUD_1lYpO8Gitb4YarjBVFa9TR-Kk4Pr8md8AEbgPxN0eXcT_iTInGZoTbGj3tuFyd0aAz6yCTFDZe8SNr3vwCtqmm42B03vJo9HX0Mfk7dqG2A0n1ee2Q%3D%3D&xkcb=SoAz67M3v1mYh_xUrx0DbzkdCdPP&fccid=0bff980a3db86a58&vjs=3
Senior Data Engineer,3.3,N/A,"£55,000 - £70,000 a year","- Permanent, Full-time","Benefits
Pulled from the full job description
Annual leave
Company pension
Private medical insurance
Cycle to work scheme
Season ticket loan
Tech scheme
&nbsp;",https://uk.indeed.com/rc/clk?jk=0f59ed1896a5d6c0&bb=o9moxNBqSkYmO1Z9G6wGUPnYtDPztgjO10eeYzHM0jG3QVbilDRFiohqbpPz9EzVrSBfrFKu7aZI1Lk3mRqUPBXhboxvE8RKtVPiUS6Ng0Ct3-oqleiVQrlK-yq9dlPxWFhHxD_iOGyLTUjVaZbTdg%3D%3D&xkcb=SoAn67M3v1mQIzQAlx0KbzkdCdPP&fccid=a369a50bd146d08d&vjs=3
Data Engineer,3.6,N/A,Full-time,N/A,"Benefits
Pulled from the full job description
Annual leave
Employee discount
Company pension
&nbsp;",https://uk.indeed.com/rc/clk?jk=9e1a497b73aa9cec&bb=oeDX9nFIPEkoOUIzdDOL80GshtqzXS3RIxc8Fr2ykemB0tj3BO6wyHH5WD_QkyHRNv2gQUoHgQu64KguZOYBi-P1GKCdueadzLabuG7hc97w9ZUlOTq0XKMcypLOaW8lXDqObTkc1Q4%3D&xkcb=SoBJ67M3v1mfOoW9lR0bbzkdCdPP&fccid=cf59e8192e82b340&vjs=3
OT Data Systems Engineer,3.3,N/A,"Up to £60,000 a year","- Permanent, Full-time","Benefits
Pulled from the full job description
Annual leave
Company pension
Cycle to work scheme
&nbsp;",https://uk.indeed.com/rc/clk?jk=058a209d2a998427&bb=aT7FrEkdmuEaiWzKfTuKqKq3wU5J_oZZm4ueBDui2vbV9e_l1Epkx7373bTjT5EQhv_eZ-m8VMkiUxW0ELPRM9NB-cKPpNaEbav7nzx7my_HSkAO7NVcPAZnw59ME__I_IPjs8F7mus%3D&xkcb=SoCv67M3v1mUdz2tKx0KbzkdCdPP&fccid=cd4e752341caecf5&vjs=3
Senior Data Engineer - Pathogen,N/A,N/A,Full-time,N/A,"Benefits
Pulled from the full job description
Company pension
Private medical insurance
Car scheme
&nbsp;",https://uk.indeed.com/rc/clk?jk=197bbe8e28be3847&bb=o9moxNBqSkYmO1Z9G6wGUFSIO93QpisQ5gNvNad_PJiADc9LNEWWcbX0s_9wmmYohqsMrxw08iDcq7SlLmwOUj7rbQm4bYdQnwL_OsfyJLVFvNxTxV3KXU1-ACYAN_CBe38_1ZXJRDh4G-PURlSyKg%3D%3D&xkcb=SoCT67M3v1mQIzQAlx0LbzkdCdPP&fccid=f39e5dcb09de08ae&vjs=3
Data Centre Operations Engineer,N/A,N/A,"£70,000 - £90,000 a year",- Permanent,N/A,https://uk.indeed.com/rc/clk?jk=53c97ee4043c4acb&bb=WCU7MMS8xQqnvcShsuFb4F_uFSMk9vT5XGXXep26P3zmyCXfkxY2A3XFl9Z-UYgiOFEC5FaYWr0YavPFJh5BTWNo_sJfyyui21KSMr0YCDbBC_dhy-nSKWqUojdgu3-P--2UeSI7QYZqWQC1nTI0vw%3D%3D&xkcb=SoAJ67M3v1mYh_xUrx0FbzkdCdPP&fccid=c7414b794cb89c1c&vjs=3
"Principal Engineer, BCG Expand, London",4.2,N/A,Full-time,N/A,N/A,https://uk.indeed.com/pagead/clk?mo=r&ad=-6NYlbfkN0Ad1FFWZOsBBwBZDGouyCcICeLSd3pQct3wJ1q5dPO7JPDrNwAoIXVvKld1FDN47mws3OgBHccg7LyQ-DEjwQ1qGQ8M934kqncnGI8r1TxUfyRb4iFUTgv6Vs9G1UhUZpAFceHRM1Y8Qx3n8reVgjxDXZuJ9b_YEcpU7oXk2qVk-NobgfmIsA_u23DboNQ4RWzZlnQg9N4lXddh9c-L_lQ-fXpYUYlwe_N9igFpLhb_kQt4LU2Hk_dUrgjEnznyRK01q81Jysf6YSxv5EWi0UJz3mlB9ciPaCwkDyC59ZIc3d2hJc1BS5uaL6VE1Xz4Yf2nV7v_vOpJYnq35-07Zmj1gcpKaPjaEuoT5YfKYU1q3EMmhDRZEGWdPgoPR4sBgwK-B664V6cZgFNUmavlJ0rBub4LP8A0htMnErLyMwUjzDIPHPpB3YPA9wZAClOGlBQD192zVzwwsOm2ZVnpWwA0ICbcHrkotXTBYd9K3A0QdQwii7hzcwBSX-dKGMLgnchsAdk61RZdCfa0BOA37VoD5RHsXlohkV2SMG2Q_vvMvTL5OwzzaOUDbZnGyJF6OLhWjCTfZf7dYcZqvWsGOwH3TlTpsYIkcUVvHBZLULXl2RWHF1M80n9e26NOonHNg4Eh9eEgvFnq6TVjxtiv--pm4Xbf3FB6QIPj-pXeNpcF9Pxae18eT3FjQvYUxRn_dnBEhFayh8YlLx4jKOQVVTu2EAVJeOiN0raL9rWFdvj3fDvOm2wVGwT8SOkCfaP6GE4PIm7dfxJA6ccPCWjZYooaQc_ozmqelZQlY2wx4GJzQ_aSFT7b-v49G96P172Fh9oBtr6Oo1A6uEqDX_Tk49Uen0KD2dHbCZD4YbcK-pHIxxxvZMWwbCfxLK7RRcu3jeqi-EbufLMP9XmRaA35Mj62nkMnEg_o2C18fyqTWbYUEcmCFKakFZ0ZmbFWWeCWzUvd47Y8yNsLX2gYFB3FEx6t0j9dSrwjK-1rGMQG2Fsp73v7VF3MxF4aob2tTiz0qY5fOKgzRs_CcuxVJHa1aPBjf5z36nHNubMDUJNFe0HJvEM4xiETkzuiNIziSbGBwE1CHA4d5ZJkCtEGalME4_FMaGTwQrGVEtN_Tl81zl2yrxPS8Vf7wSZ4wHrk0H0GR2qEwIIyuYgNLGE53mBOXw4iuK7jaolrwUhv1tGb6C1nf6aGIQhY2nUCK98QTYy42Zv2GiSDVVyiPT4X3zzDFcyTVtnZdlV0KoNtpf85FK7RLCLrTtoErgZ0R77XGtFBdS6xO8TJ_q41QrjDBqRSd9B5T2oGdlu4wfi7DbyqweKN9EI9M7TryVsis9lYO6pefi0tV46EEEgZZJrdvE3lQ0hALJaPGKN0iT-a_5X0odfoTM8Js5cidA9K4uIkzsm_VKBsKV7q_GNh70noMmNibrPFoVzumNA8KELpKddOOxbCB_nC9Xwo9L7s&xkcb=SoCa6_M3v1mc0zWtKx0NbzkdCdPP&camk=ethIe0s0hef4low7S7eO_w==&p=6&fvj=0&vjs=3
Data Cabling Engineers - multiple roles,3.3,N/A,Full-time,N/A,"Benefits
Pulled from the full job description
Gym membership
Employee assistance programme
Company pension
Private medical insurance
&nbsp;",https://uk.indeed.com/pagead/clk?mo=r&ad=-6NYlbfkN0AWEIUYbrhsupIBQthZKhZPtqB9cBy7R4qEftyLZFcpxf1wUsdryf4gGxrswFv-SYLvLcUfJgDcaPMxQWa0TCYDamqIw7X4N6tcUN09veRRfbrzmohT0w2CMVe4EeiUa0saRXftusGEM6MhARQhRw9ybBy4GlYqMhP1hjLChQoZpvfGIW2WUVk1HKMzpkeahRLsgGYTS_SeORm5DBFsfkH2EEvXBs9PMbUW1E7L-1pNmRu4PATRpo8082yAVK5Fg6rA8bqpUX-6PFgD4MZw4XD6pR7HpVpuTkIoWcmvn8F0Yn-AEPkzqQPGJuGpIY0-JgafxWgC2Ni52xk8YTM7X6kauaD6FjRk6MK0IM3bCUVlLn1F89F25mcHqv9GWfWVpEOSf30h1RwZQcs0MA_c4bef1Tw60dP_6_fC7U-DGoX5F_qaKD_ga0Ru4bMGAXrfi40gdsXI-23vDvBQOYh4_sgXvSPLVtfmuz6qDrvMy7nnD9vW07jdAOn1nWF8pd4GqK3d3bbtD-IF33qjVsNuKEQrXAp7RG8eWCKmWFQn1p_GwDaUBXvHmSgGl76sPum4SZwIZVTy431nUsGCnSGTp0__wbgJ_emePqYIJx7Vks05RqKKOtukvlvsKWhuRhlCQUJYHJFUtFDPYtTE_nOtWDug7LiCSusASPqTqbH3B5wgLmHytKO4SWYHeNFsiF9czjE=&xkcb=SoAH6_M3v1mc0zWtKx0ObzkdCdPP&camk=ethIe0s0hecM0o1ueeEQ3A==&p=5&fvj=0&vjs=3
Big Data Engineer,N/A,Cambridge CB1 2JH,Full-time,N/A,"Benefits
Pulled from the full job description
Flexitime
Referral programme
Sick pay
Unlimited paid holidays
Work from home
Flexible schedule
&nbsp;",https://uk.indeed.com/rc/clk?jk=a55906afcd560ad2&bb=WCU7MMS8xQqnvcShsuFb4MIaXDthYZH8G17Cq0-NlXaP8WCf1cgUfw25LiILNk_cXXtFU74_FFVsTEQiB_Zw1xzcVEhu7he_gluoXg2aRFB8gonab9FPSDlf4SZy7bOWR4GUC5akXIabRoPx-eUKgA%3D%3D&xkcb=SoCH67M3v1mYh_xUrx0CbzkdCdPP&fccid=62e847f2fb7588e1&cmp=IntelliSense.io&ti=Big+Data+Architect&vjs=3
Lead Data & Analytics Engineer,N/A,N/A,"Permanent, Full-time",N/A,"Benefits
Pulled from the full job description
Annual leave
Company pension
Paid volunteer time
Private medical insurance
&nbsp;",https://uk.indeed.com/rc/clk?jk=874bd1ac6ba62853&bb=Z0X5Kzi6-zZGFf6eDzcLt-Hgr2ayTshMtxJx6J7suo4IMs6q43RYf5HKiYyr92MlGyDE6neWO4nR7l5Qq_Dki4iMikFjqPEjNYBZo7112HPrANQUUSn40up_GbAZBcore5IB1bQqr-qcNTiNZs-H9w%3D%3D&xkcb=SoCT67M3v1mi9JWtKx0DbzkdCdPP&fccid=382f3f17adcf8897&vjs=3
Avaloq Software Engineer (Data),4.5,N/A,N/A,N/A,N/A,https://uk.indeed.com/rc/clk?jk=ac67448bb21a2c78&bb=Z0X5Kzi6-zZGFf6eDzcLt3hII2qhZTzyezApzjM53WQnbsN_dT1NY05u9ZNL2URSy4kDjqi-RA72w7D8sj3b4-Fcizwka18HojAWqyT8_EcjAHHMqG9q6y8IoTJTPZiW7ayuQC-GCwbuMAQbELyECg%3D%3D&xkcb=SoA067M3v1mi9JWtKx0GbzkdCdPP&fccid=4b841d912d46e4fd&vjs=3
"Sr. Data Engineer, Prime Video Growth and Commerce Analytics",3.5,N/A,Full-time,N/A,N/A,https://uk.indeed.com/rc/clk?jk=e42bec6cf3718fb6&bb=QbdEU-W9RcBWUEAxoOREtD6vXoPrNA7W9HYswzyV9CKJSaiMZFPzhk9tRw70YFzwPvhszUr-I3K9Yy4384-k49phOhF9jwX95t_GMUtkvD8MgQ690WMJU4DuQkadiF5QU_JdsZKWh-U%3D&xkcb=SoAG67M3v1m-pVWtKx0GbzkdCdPP&fccid=fe2d21eef233e94a&vjs=3
Data Comms Engineer,2.7,N/A,"£26,000 - £30,000 a year",- Fixed term contract,N/A,https://uk.indeed.com/pagead/clk?mo=r&ad=-6NYlbfkN0Dhf_OXi7pG_wV5viGJEjtcHvHpK9GXweuI95npS_F0KEjjjF6I_PlrlOS5KIkqKsUo0aBuTQWx9zsc-gqob4Jd0BUG7qNWzcg-2tqg08Vhxs1xbdsD9liJQjwQC6p9oGru7FsUIVWx1wmqNuGTo3VSMl2gsmuqv-L8smAwQ84wxfZXvscdzTYmwh6i7QtqPhGg3KWArshSQ6ArXkzXSako7tH3v2Lf-6o-6xKeJOhOg_u9l4rvHdK3bDRq-k1TcGeNSFfT5iFOuKwFvGt1IDdoUQ1bYQFgWj3bXSR7PZQMsEK1MQJLcp6w_7z8z_kzW4_FTCLbatoISOG-tk6eTB0qojcORsUzQOwLV00QNv_NPusZoqReCe5XrwR2MdgVK8im4cVCfh0qIXAsHm-Pekfj0iF6knYbR_Xnkkl7Rcu7JXk2Xvwl7qN_Yy6GmRRm_snsYgsk8KVkB0YuSRDl7urQqzrzW2JigNqlyyCOq5wWbMG66ZdBERG01KdLUUnR5OBFhX4n9I-J-4yqRyxLvDS5g6uJpovosq_qJAygZC30_jADlPZ2M1vnUWepFgMtWlQqO3qVwTG1qEcOsv0p_7SbxPTdLWR09MMxZYu8HVhhsxTNIkCMtx-u5QvTzWrp7y6QigfyRjzXy9aYrQvTxuDOF20-9A49-hKAgAQyze67tS1N72q6598v-CAHih4k_Op5n8TyGDtBEv8J0DF2DioKw81xsVagyCf0YmjZpmQlqQ6JixiB4UxmM41QCNGdlBXjtayuQHXzKW8-Q-cseTmZEq9TYzVSp_p4UkT02Duxjw8c5oitPsGg8w1ayg_6MhYItlQDXxY1rkgNv-TR7bAFHVzPf4CGRViB9sXPA0bWb3KyAWw8wKdkPudy1YBJOvlbQvrlHqazworSPIUGGnle6YVQARd73i2m2vqQAfjdrw==&xkcb=SoCa6_M3v1mfOoW9lR0EbzkdCdPP&camk=nUmJqO2E8rhKNL8xGrJCPQ==&p=13&fvj=0&vjs=3
SENIOR DATA SCIENCE ENGINEER - TENNIS,3.6,N/A,Full-time,N/A,N/A,https://uk.indeed.com/rc/clk?jk=0fe694eb9d67cdda&bb=o9moxNBqSkYmO1Z9G6wGUBd178n7FGgh3JSefOYAxZfANR-ydjCdg7v4fJRGRt-sZjNcqrYLX6u5ssoBxooo9Se0JbAh48Wk2ZhzgqAVD4gU3NfcbTZMpSxOWqADlxN5km5KtUVEgBPYy4FuMDrWfg%3D%3D&xkcb=SoDn67M3v1mQIzQAlx0HbzkdCdPP&fccid=2b2d6f212948082d&vjs=3
Head of Data Engineering,3.9,N/A,Permanent,N/A,N/A,https://uk.indeed.com/rc/clk?jk=27395414000b8cea&bb=Z0X5Kzi6-zZGFf6eDzcLt1MipQrGI-2nuiTN4aXA_ixIDZeGOG8yR9gPDBmZAC0j15H_7TJx8OAY7h8Kri8KRJ8b3FnUIjyBhDtEmNVOke5eEr4RYPt_UUcpJSrJbaHg5EaxBV4yE3PoWo-6F2QJVQ%3D%3D&xkcb=SoDd67M3v1mi9JWtKx0JbzkdCdPP&fccid=057abf3fd357e717&vjs=3
